timestamp_offset,bme680_voc,ccs811_tvoc,camera_smoke,camera_brightness,soil_moisture,dht_temp
0,0.07038845447148094,0.07038845447148094,0.019172186111383615,0.19921269783118514,0.40758558632098324,0.40356463778767004
1,0.05008072060645389,0.05008072060645389,0.017551831343020966,0.1973823371224453,0.3975356440349063,0.4074946524536532
2,0.14814130339155496,0.14814130339155496,0.0,0.1943132953927111,0.4033421420905367,0.4082410825559644
3,0.06450413723830523,0.06450413723830523,0.0,0.19931132483762945,0.40279580016856953,0.40395019231000806
4,0.09457241975061592,0.09457241975061592,0.0,0.19888793149278994,0.4011060190004591,0.40992806174554497
5,0.09724817245180731,0.09724817245180731,0.0,0.19159923026229628,0.3946149457494294,0.40788893522367975
6,0.14224925159065704,0.14224925159065704,0.01501748936927098,0.1960555686096859,0.3948492362893235,0.40311887108215366
7,0.10652001260951582,0.10652001260951582,0.0,0.19815780042721684,0.39133531984126424,0.4088808545256495
8,0.1490071564176444,0.1490071564176444,0.01771945494657044,0.20209451052640798,0.4093715726972106,0.4003128559672779
9,0.1080938101752198,0.1080938101752198,0.0,0.1975119924591831,0.40675777413306724,0.4013933476777095
10,0.09869298688849151,0.09869298688849151,0.0,0.1971554258698414,0.3972459112785867,0.4053370021168165
11,0.0809788207568173,0.0809788207568173,0.0,0.19074118538584828,0.39924357563712165,0.4055073188368388
12,0.09528348672666388,0.09528348672666388,0.017413212218858807,0.19124766836908635,0.4087441625160128,0.4019070327261641
13,0.10373142382920499,0.10373142382920499,0.0,0.20124369455009752,0.3949759477070672,0.40857595729601287
14,0.13607591725223933,0.13607591725223933,0.0,0.1939739159933236,0.4097741645005344,0.3918112068269129
15,0.14513372415296427,0.14513372415296427,0.0,0.2014709837955306,0.40819726935167044,0.39144608096917427
16,0.1406537485585615,0.1406537485585615,0.017844551152073857,0.20885258280065128,0.39547434616014737,0.3977922807846453
17,0.11594658020632963,0.11594658020632963,0.0161202774999139,0.1915785598137348,0.4079618010608568,0.3932767310490087
18,0.14276831330980078,0.14276831330980078,0.0038406502644805045,0.20143593481838498,0.402814013932447,0.4027655525996294
19,0.08081320254569986,0.08081320254569986,0.0,0.20308540572305606,0.40133942670412354,0.3931352071037609
20,0.1359858657646403,0.1359858657646403,0.0,0.2021910097547166,0.4087936441747205,0.3979720132591846
21,0.13630703061729244,0.13630703061729244,0.016225241106633006,0.1996605210065453,0.39101781864332963,0.4019428681257756
22,0.085793884369395,0.085793884369395,0.004184961854437792,0.19784929385890623,0.394360610493994,0.3992482311747064
23,0.14668137822352917,0.14668137822352917,0.0,0.19856659734475332,0.4080566542567131,0.4036802060075286
24,0.08031207490622379,0.08031207490622379,0.01938921719295734,0.1977016606887994,0.3996544136479012,0.3927390145556465
25,0.05379925550880275,0.05379925550880275,0.014880611565612888,0.1965298202785244,0.39682837800453435,0.39116687461541694
26,0.0591689969145717,0.0591689969145717,0.0,0.20291132788151678,0.40850092279670097,0.40896573012473864
27,0.07073082422215611,0.07073082422215611,0.0,0.19145836976887667,0.4065919734104769,0.4042309610384318
28,0.07780650843187865,0.07780650843187865,0.0,0.1955850031698597,0.4052339984447361,0.4020750484947029
29,0.12973004419892376,0.12973004419892376,0.01803376526832592,0.19532069634605176,0.3961689720074973,0.39705615506456493
30,0.06248656171528233,0.06248656171528233,0.0,0.20313446581657785,0.39060194946814986,0.4090332243017955
31,0.07723188676976757,0.07723188676976757,0.0,0.20193801125009794,0.40716023750960056,0.40056317609605874
32,0.08903589967698071,0.08903589967698071,0.0,0.20662858666945294,0.39150597193462955,0.4077812155206224
33,0.10427518581512003,0.10427518581512003,0.003973616415963423,0.19412243196722065,0.4025241035290551,0.4037808332331584
34,0.1186351775698646,0.1186351775698646,0.006835317434658827,0.1946467571753052,0.4019828302304192,0.4064081680700534
35,0.09787860545248613,0.09787860545248613,0.013889246138666763,0.1951428065905584,0.4033351954738353,0.4090280348738325
36,0.09338610956260576,0.09338610956260576,0.0,0.19647642929372475,0.3930650289518124,0.4054549915348314
37,0.09733071306826127,0.09733071306826127,0.007623404541523736,0.2096170567719209,0.39239774093287366,0.39893451541521435
38,0.06985996325737054,0.06985996325737054,0.00886861827092245,0.2052667703422973,0.4098376859041927,0.3927646633413729
39,0.07616150385250382,0.07616150385250382,0.014592763727529736,0.19253161978879696,0.39986089184422763,0.3927965344974946
40,0.14891269602792784,0.14891269602792784,0.01382500431724468,0.20667608040531435,0.4082167572961288,0.4055896440270337
41,0.13694922236061247,0.13694922236061247,0.018673846157169025,0.20504598868092735,0.40468130928796375,0.3984206601130965
42,0.10788793240896241,0.10788793240896241,0.0036440257494757405,0.20266160170308517,0.4048056734085746,0.39837870459544344
43,0.09593798841728872,0.09593798841728872,0.0,0.2074996111762652,0.4039360702918883,0.3953147987430888
44,0.05234524068056726,0.05234524068056726,0.0,0.2075988660568429,0.4033517999229577,0.4024732244570287
45,0.11981735931690826,0.11981735931690826,0.009049652654319913,0.19547308339844235,0.39784424368520915,0.40725102228316706
46,0.09816680299466612,0.09816680299466612,0.016157486426442744,0.20120968664440608,0.39983020078138926,0.3962796901310713
47,0.0752312133655868,0.0752312133655868,0.011639862078386434,0.202774815705272,0.39876435366762036,0.4090897374651306
48,0.1005712000825233,0.1005712000825233,0.01513067512817266,0.2052757782306999,0.4009144128703648,0.40102298681308474
49,0.0754935106610785,0.0754935106610785,0.0,0.1904596860994373,0.4090302728239222,0.39935246518392403
50,0.1405475273929012,0.1405475273929012,0.011012466383112589,0.20396884577731006,0.3969118434722291,0.402074190055475
51,0.11585109912549552,0.11585109912549552,0.013765852764701252,0.1988836415504245,0.39961228787580994,0.4056475522726267
52,0.1306160389837046,0.1306160389837046,0.0,0.20481437409597505,0.4024286582445852,0.39531071147812297
53,0.1385998416445611,0.1385998416445611,0.0,0.1909476599180639,0.39438062423225184,0.39565164629206917
54,0.14519935003684473,0.14519935003684473,0.013222350932484781,0.20335154475679984,0.4034119814969233,0.40963882673478
55,0.1058229718368235,0.1058229718368235,0.0,0.20960580437940124,0.39045530807702256,0.4088752664285178
56,0.14695639707638164,0.14695639707638164,0.005951889717478995,0.19530738033309836,0.4034459900657393,0.40736676192217564
57,0.14982731140800043,0.14982731140800043,0.0,0.20830011117983646,0.4079143989527449,0.4053489604371186
58,0.10923959735915298,0.10923959735915298,0.017362815455433268,0.1967666182400076,0.40017781696624943,0.39553292903754717
59,0.09540345571390553,0.09540345571390553,0.008510192851578714,0.20481637208240758,0.3911535181310366,0.40883503103991403
60,0.14037718009214223,0.14037718009214223,0.0,0.2072042780866525,0.39847107908891904,0.39972342583021625
61,0.1354723325133977,0.1354723325133977,0.011687978820036466,0.2094011736863069,0.40437041961690645,0.396119761848158
62,0.10982053953297588,0.10982053953297588,0.006292494930504948,0.2078097387312783,0.3922111499040493,0.4100407099707779
63,0.11273790232043576,0.11273790232043576,0.030653238175967244,0.2094328947889456,0.39059984795445524,0.4043343812800211
64,0.09776809080524317,0.09776809080524317,0.00575690238626405,0.20618095265173803,0.4070371306713547,0.41013781404466565
65,0.15097307682522382,0.15097307682522382,0.030110702691727165,0.20506598977943064,0.39152457105304933,0.3933630918764314
66,0.1340127125550421,0.1340127125550421,0.025101503803581796,0.20773439657479778,0.40898275884921403,0.4067481697004809
67,0.17933357577635894,0.17933357577635894,0.02638150356739162,0.19534411370069593,0.40206273128087183,0.4104301273994044
68,0.12772638008388756,0.12772638008388756,0.06037677414975538,0.20770863457287989,0.40193228217521837,0.41117463577009816
69,0.20794444048797167,0.20794444048797167,0.0673488018410707,0.19007567957196195,0.39906028955227696,0.4046039734920217
70,0.18179661728268287,0.18179661728268287,0.07358559598158995,0.20505018273730027,0.40715724828865846,0.4020157376150757
71,0.20033250585047485,0.20033250585047485,0.058704224419932644,0.2010043037637264,0.4056225634458037,0.4093834468659236
72,0.21355614082007637,0.21355614082007637,0.04683789082620501,0.19199675130435745,0.40788438616186906,0.4132627342264823
73,0.25201748329421064,0.25201748329421064,0.08225613508312915,0.2064933199641653,0.3958343523296491,0.3957381511763366
74,0.16249852763295494,0.16249852763295494,0.06224447492213045,0.1990241786997912,0.39680297308049056,0.41004891220207057
75,0.2617921421499954,0.2617921421499954,0.09993222606221559,0.20606958706706907,0.4035696327329446,0.40457287312598444
76,0.26909927089455243,0.26909927089455243,0.09076535637384321,0.1979960512044533,0.39956518181449874,0.41327333614718464
77,0.2316800521190525,0.2316800521190525,0.1013702353132058,0.2099950265861568,0.39327296286875923,0.40538522311425
78,0.2473618341920316,0.2473618341920316,0.09188210589553628,0.20766595761124923,0.40208688983597546,0.40975992989155
79,0.2243713165355552,0.2243713165355552,0.11960618281865404,0.1904759098438898,0.405641050345597,0.4130442929974171
80,0.2741761555180783,0.2741761555180783,0.1080228957483735,0.1946064274048043,0.4062333993877762,0.4030916521317088
81,0.2488366188284912,0.2488366188284912,0.12830232549501197,0.19931499096784078,0.4066704725620268,0.4142566329908322
82,0.3304556694830733,0.3304556694830733,0.117049540419888,0.19585229192008421,0.39969429545104457,0.41775564645785734
83,0.2779580599570595,0.2779580599570595,0.12893829495661854,0.19521685949913634,0.3920842123050174,0.4067740970589916
84,0.2841902912259143,0.2841902912259143,0.1606096551118101,0.20959591086959967,0.39916676164352877,0.41669960150763397
85,0.3327494058714022,0.3327494058714022,0.15126235116816164,0.1900938784028329,0.3879890775535179,0.4118750881932414
86,0.31656950753655766,0.31656950753655766,0.15851878704241487,0.19034345330151864,0.393555450495057,0.4108970534810362
87,0.31829991065872276,0.31829991065872276,0.1593853924197859,0.193703443651988,0.38863962643552197,0.42386486968719156
88,0.37393948687103784,0.37393948687103784,0.1623539312110737,0.1942338481202139,0.40500609757328526,0.4269039704076011
89,0.3487426928606024,0.3487426928606024,0.1679666689344683,0.2031133055426742,0.4058656945758607,0.41467784085388026
90,0.3898545627341653,0.3898545627341653,0.2055134071917383,0.1946760563946649,0.3926576755350801,0.41851525033030834
91,0.33170685111870424,0.33170685111870424,0.1814858466313086,0.20933438289464126,0.38919797981018667,0.43357064307017074
92,0.3614226521671323,0.3614226521671323,0.21799107729567832,0.1975322819067581,0.38972889428565055,0.4269742156452386
93,0.4148108395632678,0.4148108395632678,0.22118513993412017,0.23702078115148556,0.40233883980542845,0.42847483992296775
94,0.374697125571602,0.374697125571602,0.20001637116282173,0.248537326972322,0.38517277176719944,0.43774485455521994
95,0.3702811938216474,0.3702811938216474,0.24349562337389846,0.2477750754757727,0.3956512273928836,0.4384783456009514
96,0.46394128992573413,0.46394128992573413,0.2513282354960497,0.24906780709418186,0.3889434757762371,0.44547886283169746
97,0.3813062278691457,0.3813062278691457,0.24697974004463813,0.2558892407942921,0.3866819298379453,0.44256717396283235
98,0.46216205124726933,0.46216205124726933,0.23839429973291,0.2590498480261747,0.39226149030406077,0.437098656607764
99,0.42128747962653706,0.42128747962653706,0.24998732251636324,0.24999416740110159,0.3830726254323732,0.4492954439878463
100,0.41923541958870336,0.41923541958870336,0.27676105621596697,0.26809989764601055,0.3909486993705564,0.44245588404697794
101,0.4978840556778181,0.4978840556778181,0.2799377639962579,0.2615847830454161,0.3944809920583552,0.43940085175410093
102,0.4685576753496147,0.4685576753496147,0.2893621901358157,0.2705151208395592,0.3898052654288247,0.44906416907218866
103,0.49970426201476414,0.49970426201476414,0.2898377770025212,0.2670429085182227,0.3954580970784027,0.45320151766516686
104,0.5135937613036106,0.5135937613036106,0.30493286551751697,0.27208855640900065,0.3904853599776997,0.45704922805360454
105,0.5254773258061273,0.5254773258061273,0.3233872209062419,0.27826171234710567,0.3902377915886213,0.4607651866348097
106,0.4745021878140441,0.4745021878140441,0.31660522635875216,0.2773890113300632,0.38047848859818223,0.46832780388134043
107,0.49368196826355076,0.49368196826355076,0.3319771474889351,0.28533365369596303,0.38537612331593735,0.45823894074161614
108,0.5038056596486057,0.5038056596486057,0.33382899467735966,0.2908378015307886,0.391947458849076,0.46536937114627136
109,0.530999641329336,0.530999641329336,0.3516985802525062,0.2856127506599448,0.3884465067550392,0.45883266755017993
110,0.5746001479684089,0.5746001479684089,0.36796201294919223,0.28783237079418567,0.3845215806765225,0.46809890717867386
111,0.5835276783608156,0.5835276783608156,0.3797373581616905,0.2883393623788901,0.3913548271146399,0.468789573969301
112,0.6156203015540158,0.6156203015540158,0.3641012108003048,0.30519736785099066,0.3952838092763939,0.4691711997946248
113,0.6012430640325835,0.6012430640325835,0.38057284068810454,0.3055005210446437,0.3816441161810631,0.48574513591735335
114,0.6608838810835418,0.6608838810835418,0.40537353930547476,0.3111692858075772,0.37817194317031644,0.4807788982559645
115,0.6361235992130355,0.6361235992130355,0.41723511373391536,0.31144902459391954,0.3841508111344569,0.4867965259542575
116,0.6369385761134186,0.6369385761134186,0.3977393207636729,0.31117166397790236,0.3819987692060005,0.4862410378181531
117,0.6571984787986909,0.6571984787986909,0.423890315450663,0.32073561637092035,0.3921357406257824,0.4980623508321204
118,0.6694764605039764,0.6694764605039764,0.44180344993871046,0.32050247955754035,0.39051440364563017,0.495535477153938
119,0.6710730043298931,0.6710730043298931,0.4419666457576166,0.3330023849378849,0.37973367012744974,0.49819466544850854
120,0.27195436586454746,0.27195436586454746,0.1596263827012744,0.3325621454691201,0.386136183406928,0.4929404899993052
121,0.2483047107134021,0.2483047107134021,0.14997096646382865,0.34532574262479804,0.3844888501208602,0.4982705683401501
122,0.24477813830690123,0.24477813830690123,0.15985140560311362,0.3437965836946848,0.3721751500646011,0.5086591867751257
123,0.23967790492763916,0.23967790492763916,0.18560667680056575,0.3583806401619532,0.3907105914982176,0.516632914037825
124,0.2690249193677087,0.2690249193677087,0.17233779429374638,0.3627236063717621,0.38274052867858366,0.5101555955247082
125,0.22255858290417185,0.22255858290417185,0.1942944650311125,0.3498710136005949,0.3759066945105699,0.515911701171846
126,0.29444574796769163,0.29444574796769163,0.19190369310115876,0.36851030302587195,0.3742173879880306,0.5147352530400542
127,0.2587812735254213,0.2587812735254213,0.2058119365097359,0.3655563313744786,0.3707738869717619,0.5297826153811082
128,0.24037615033678922,0.24037615033678922,0.1937753963853533,0.3720355032990789,0.38008984940112484,0.5261923652080751
129,0.2792339978490305,0.2792339978490305,0.1951762386724017,0.38690367951634613,0.380557991565207,0.5381913420512804
130,0.2574423640965648,0.2574423640965648,0.21436912944703176,0.38048794508747497,0.38242787730345873,0.5419456158034269
131,0.30650370421199613,0.30650370421199613,0.20241426847497518,0.39005338696005226,0.38126674969717844,0.5459497127212951
132,0.3351466287087956,0.3351466287087956,0.20726262846414542,0.3906431873208604,0.36625101155455037,0.5517941846572285
133,0.28551332041994965,0.28551332041994965,0.22912856969582052,0.39941051515326853,0.3780489018905552,0.5488279777812741
134,0.2693810323173603,0.2693810323173603,0.2242317876745728,0.41103366237582883,0.3683499411904722,0.5628889049436152
135,0.28055618671818966,0.28055618671818966,0.2323302432217625,0.41232980052502544,0.3784396441812418,0.5507915639705728
136,0.3505298860322223,0.3505298860322223,0.25056618064109554,0.41571371690148323,0.37930675153574106,0.5604683895541399
137,0.31860259416520526,0.31860259416520526,0.2568905598699271,0.41465834548984337,0.3738650619096081,0.5651606586122855
138,0.37162825464975163,0.37162825464975163,0.27417233118364787,0.436405185589933,0.37434125974558,0.5684677355700166
139,0.2910812198393277,0.2910812198393277,0.25518774068018213,0.4439873575363784,0.36455193114126566,0.5781232903483184
140,0.32646284395156555,0.32646284395156555,0.2640537699255289,0.43375230291901457,0.363972334599609,0.5808041463434945
141,0.3076118773407469,0.3076118773407469,0.2701279904851325,0.44991640239970043,0.3603631272577879,0.5883765309610717
142,0.3064499863314241,0.3064499863314241,0.2737002779775313,0.45645222737701535,0.36244616718930767,0.5892684750005233
143,0.405815793802236,0.405815793802236,0.2872959053465132,0.4485561147603284,0.3773252299777773,0.5928640841610938
144,0.3249455051244108,0.3249455051244108,0.31447998840688457,0.46218369981432544,0.3734179636807657,0.6081439350430371
145,0.3611264907760084,0.3611264907760084,0.2948624507871297,0.480959794952037,0.36664733084584555,0.5944839453487029
146,0.34879414663735747,0.34879414663735747,0.3118930547581129,0.46929467056217244,0.36974177533286856,0.6071787996095395
147,0.40427673546374726,0.40427673546374726,0.30438415306346406,0.4759510782670041,0.36547046198946703,0.6132781615141883
148,0.4177396531066974,0.4177396531066974,0.33005392802455424,0.4837304298704348,0.3618173742816775,0.6204537310109917
149,0.3744777207767099,0.3744777207767099,0.3259069316974321,0.48793150340110863,0.35973705925857524,0.6136577220312671
150,0.39441415973489863,0.39441415973489863,0.3310246030633877,0.5057446148075666,0.3596424323978609,0.6343727222805108
151,0.41254420316951285,0.41254420316951285,0.3413808731239133,0.5072661906514873,0.36519118377393367,0.6355781433796313
152,0.43471958385916976,0.43471958385916976,0.3482283972290726,0.5111905171661036,0.3666343207378976,0.6313962001199147
153,0.3936299914703294,0.3936299914703294,0.34534129243173717,0.5313601759761428,0.35604137627652344,0.6471605297473337
154,0.4744009338375582,0.4744009338375582,0.36494248374829036,0.5393470370056465,0.36282846878489944,0.6450321460320415
155,0.39436840003193546,0.39436840003193546,0.36628262830188807,0.5477886976687417,0.3611161275569291,0.6632947847576481
156,0.49110160145103976,0.49110160145103976,0.401964011303422,0.5449489172428994,0.34708891658259844,0.6531361303404892
157,0.5014618744612551,0.5014618744612551,0.4168801693375976,0.5436687056125494,0.3545312701201252,0.6674224653761568
158,0.44532081204823615,0.44532081204823615,0.4024111554374463,0.5526623898039816,0.36011626606180985,0.6682218073036222
159,0.5085581711608974,0.5085581711608974,0.41208109931956827,0.5771639148429073,0.3620955094097265,0.6739903312741005
160,0.5137666020221867,0.5137666020221867,0.4371827934779544,0.5722471024246297,0.3582545181634251,0.6903505734823462
161,0.5317483167600751,0.5317483167600751,0.43704870923083156,0.5730760752259657,0.35621084103953365,0.6966477076911702
162,0.46466568110728634,0.46466568110728634,0.42319314047046797,0.5824683096637435,0.35134354979192406,0.6928390787541439
163,0.45720189852313387,0.45720189852313387,0.43194869492457416,0.6060698259776133,0.35470450387688124,0.6957493075256225
164,0.456064423058808,0.456064423058808,0.47369760474688455,0.5997997006705716,0.341580946207889,0.6982172099364384
165,0.5105766391732005,0.5105766391732005,0.46995895344608635,0.6044290826503612,0.35139005094924175,0.7077034176278051
166,0.5532945641305683,0.5532945641305683,0.46759940195851213,0.618226857101408,0.338624967743016,0.7128421775870079
167,0.5782197599122529,0.5782197599122529,0.4990814674397127,0.6269440824599866,0.3388612721566942,0.7255348524322728
168,0.5093303193433095,0.5093303193433095,0.5024882558665996,0.633360923293632,0.34326164169885404,0.7315006515400885
169,0.5843154908196628,0.5843154908196628,0.5117020175380776,0.6457754568790434,0.34812396762867504,0.7409481484422542
170,0.5870401907249161,0.5870401907249161,0.5013720347744705,0.6488054257211489,0.33851216908146264,0.7306027215564306
171,0.5254111117477315,0.5254111117477315,0.5002269268421194,0.6611703657012052,0.34583998822988404,0.7509463766044188
172,0.5303903939088971,0.5303903939088971,0.5295580259405009,0.6685385804806009,0.3424671083102009,0.7523982661427099
173,0.5646298987460405,0.5646298987460405,0.5326332115906134,0.671446508560241,0.3465213671441234,0.7671514738337133
174,0.5939195522148455,0.5939195522148455,0.5372829764944791,0.6853084611181345,0.3445785138835846,0.7682306825802804
175,0.6123739585703644,0.6123739585703644,0.5612742525040406,0.7033566299376778,0.33867019154463884,0.7704720927779309
176,0.6077744199921605,0.6077744199921605,0.5601453378832545,0.7004513518568485,0.3314692935432265,0.7806705550432208
177,0.6294195920307126,0.6294195920307126,0.5971706690235224,0.7106210011355931,0.33703950590393494,0.7815367042971078
178,0.6097056324709152,0.6097056324709152,0.5916846279827497,0.7281636236840435,0.32850189709147504,0.8012453790382277
179,0.6706003631477905,0.6706003631477905,0.5824242261807107,0.7356558889471704,0.3407061219709801,0.7982332618600066
180,0.6548445074125395,0.6548445074125395,0.6243823466238406,0.7402292653122144,0.3330879448719909,0.8037235131640579
181,0.6783071528566642,0.6783071528566642,0.6144211044114943,0.7455251426470596,0.3234758756881733,0.8135169631073333
182,0.6124707541928869,0.6124707541928869,0.6417575012183933,0.7574098880304615,0.3280843687640393,0.8153551432556337
183,0.6506187186211049,0.6506187186211049,0.6270391713633632,0.7584401072937141,0.32055493795387696,0.8306881820556244
184,0.6297632667685864,0.6297632667685864,0.6368915286631172,0.7737411588851207,0.32544014702591617,0.8264111369170177
185,0.682050170999623,0.682050170999623,0.6501568846102708,0.7768882243608763,0.3363174027055661,0.8308385862167499
186,0.6594256699114307,0.6594256699114307,0.6821078851877008,0.7862533601138284,0.3284129977277621,0.8483394316253893
187,0.6583004018560155,0.6583004018560155,0.68864370641135,0.8116902979799153,0.3224060736849418,0.8542113980422559
188,0.7093288138115775,0.7093288138115775,0.685109863894805,0.8069495599654883,0.3180927548747949,0.8527071202989639
189,0.755816876018415,0.755816876018415,0.7048756696136222,0.8326859987270621,0.3149433761749979,0.8686381876263507
190,0.7721499529163708,0.7721499529163708,0.7073180106122836,0.8336550894119326,0.3229526033417384,0.883778357734065
191,0.7155453626415134,0.7155453626415134,0.7074365555847838,0.8515272297966422,0.31440080465739945,0.8811913059157093
192,0.7082718649197012,0.7082718649197012,0.7221195196319319,0.8633483570475626,0.31750877466865357,0.8902293999435367
193,0.7383151007603383,0.7383151007603383,0.7502865774837115,0.869197959470509,0.3184384738942316,0.8951519355503814
194,0.7283673928070427,0.7283673928070427,0.7746230034171107,0.8775925759507557,0.3156666080911663,0.90821126323929
195,0.809238941330062,0.809238941330062,0.7530945458876568,0.8793956591421097,0.315949802016048,0.9135075426855712
196,0.8032984832747916,0.8032984832747916,0.7643363444101415,0.8958637133307322,0.30390912702729705,0.9295524551534962
197,0.8428115354701508,0.8428115354701508,0.8046228154631642,0.8985216406554706,0.3175970797417919,0.9278415630602379
198,0.7794555450158773,0.7794555450158773,0.8222898805541079,0.9125433365330727,0.31432047814655095,0.9305767623622232
199,0.8398423283852566,0.8398423283852566,0.7975763628519005,0.918563952139378,0.31846782208623503,0.9431432659720529
200,0.8309593813496616,0.8309593813496616,0.8232236947127072,0.9330704183342056,0.30558514304353657,0.9449780066269997
201,0.7991615618281467,0.7991615618281467,0.8392134908078687,0.9377448023533728,0.30843787640032816,0.9615358892077569
202,0.8886036343148909,0.8886036343148909,0.8542476858446232,0.9468081309623614,0.30334676025611407,0.9586183640243103
203,0.8748840203509513,0.8748840203509513,0.8720615351724486,0.9594075518788483,0.29917519249190655,0.9730234330540701
204,0.8841454337342154,0.8841454337342154,0.8940663248905816,0.977159756955638,0.29448484823105625,0.9872254554219718
205,0.8472105097266429,0.8472105097266429,0.9058895932691456,0.9818278669606033,0.30419215645861925,0.991515302088098
206,0.894504042157306,0.894504042157306,0.9080735978885114,1.0,0.2949230263083377,1.0
207,0.94585923533208,0.94585923533208,0.9002984572795276,0.9911402233163735,0.30674870702787366,0.9931782452702019
208,0.870012856402731,0.870012856402731,0.8845666196881853,0.9975061716582775,0.2999932944886086,0.9958142153477483
209,0.8830002887967304,0.8830002887967304,0.9067656749790239,1.0,0.2945527107807527,0.99868038419697
210,0.8818525077175544,0.8818525077175544,0.8860681093479086,0.9968946688997322,0.3030852907496042,0.9963423139602539
211,0.8971014843743605,0.8971014843743605,0.8910976326352381,1.0,0.29852765161375844,1.0
212,0.8810685281075212,0.8810685281075212,0.8920955105565622,1.0,0.30353252110716494,1.0
213,0.9217962879516628,0.9217962879516628,0.9105100585079059,0.9962325899564226,0.29010593557928205,0.9909479021998671
214,0.8559517835629902,0.8559517835629902,0.903997512803245,0.9937595330028537,0.30511413415600735,1.0
215,0.8972440114424929,0.8972440114424929,0.896195832540625,0.9938097294894499,0.30045388577185056,1.0
216,0.8873293185434686,0.8873293185434686,0.905003518468543,1.0,0.30185373200089194,0.9977212975733083
217,0.9478124152723562,0.9478124152723562,0.908167308377982,1.0,0.2945028004114363,0.9977632361843121
218,0.9098796459479893,0.9098796459479893,0.9104397881230467,1.0,0.3065658432623599,0.9926536316601288
219,0.8587000804559886,0.8587000804559886,0.9097416258893236,0.9959521875999713,0.3017455526692963,1.0
220,0.8501920634296651,0.8501920634296651,0.9141374032817133,0.9936831734337346,0.29920317743001906,0.9952959128312177
221,0.8574826542032319,0.8574826542032319,0.9199270362291561,1.0,0.2920439227536593,0.990753745391206
222,0.8843951308903126,0.8843951308903126,0.8892405097602355,0.9932324262298738,0.30549524970797465,1.0
223,0.867176979469457,0.867176979469457,0.9078718257234207,1.0,0.2939841023761645,1.0
224,0.9252586655957725,0.9252586655957725,0.89295080040321,0.997041608024867,0.2967853214284199,0.997845697198447
225,0.9436885074133086,0.9436885074133086,0.8935229629185779,1.0,0.29648847489582664,1.0
226,0.8533398262805184,0.8533398262805184,0.915594452946094,0.9931272478464297,0.2900154624756222,1.0
227,0.9227414286911042,0.9227414286911042,0.8858204504009306,0.9973529163135347,0.3092487293449302,1.0
228,0.9470781675415498,0.9470781675415498,0.9099742768363734,0.9982526835568596,0.3098392040810221,1.0
229,0.9249281796743489,0.9249281796743489,0.8843924178489778,1.0,0.30670967163585533,1.0
230,0.9043654291257137,0.9043654291257137,0.8911962062834153,0.9936473631626555,0.3052576222815459,0.995191149243516
231,0.8805684924937948,0.8805684924937948,0.8870128435996086,1.0,0.300318461999972,0.999354436328115
232,0.8602778533406802,0.8602778533406802,0.8824132813779145,1.0,0.30580693418010463,0.9937134851009873
233,0.9034407071832962,0.9034407071832962,0.8818029409474513,0.9928335858098151,0.3092769372195336,1.0
234,0.9249816347808149,0.9249816347808149,0.9156363250728398,0.9983055767377103,0.30854125223964257,0.9934791815384743
235,0.8710176113870671,0.8710176113870671,0.8963092259803088,1.0,0.3004651552801757,0.9949896232269876
236,0.8726164240420345,0.8726164240420345,0.8954116207066803,1.0,0.3064286102645903,1.0
237,0.8640961170265594,0.8640961170265594,0.8950022110878948,1.0,0.29748153740373373,0.9948546134167972
238,0.9085989396676892,0.9085989396676892,0.9031958343647375,1.0,0.2951522101947264,1.0
239,0.8646776146905882,0.8646776146905882,0.8864801272046322,0.9908223885372136,0.30744480811380054,1.0
240,0.8625066755648312,0.8625066755648312,0.8880190836780829,0.9935799905209793,0.2949999001682308,0.9948341603769779
241,0.8962573145480806,0.8962573145480806,0.9163191920221245,0.9925829451445537,0.2972902416526833,0.9906833204147268
242,0.9128829678295453,0.9128829678295453,0.9072616103370104,0.9950575951329461,0.30514748195044056,1.0
243,0.8522892139063851,0.8522892139063851,0.9097978684236842,0.9963301097791769,0.3027114078802445,1.0
244,0.9459156262244418,0.9459156262244418,0.8928253052355068,1.0,0.3091738053950512,1.0
245,0.930729699537324,0.930729699537324,0.9006841183381578,0.9944774099743862,0.3068461054824466,0.9993388081768342
246,0.9340606315973548,0.9340606315973548,0.8827853045696105,0.9903874041612319,0.30466763704278194,0.9947822831968552
247,0.892247994492945,0.892247994492945,0.8995337822790853,1.0,0.30538948466277144,0.9919427914612464
248,0.9384147607827441,0.9384147607827441,0.8841526028149594,0.994085263429222,0.2971889036064175,1.0
249,0.913662562266666,0.913662562266666,0.8819353008496571,1.0,0.3050347252286373,0.9929705697683878
250,0.9092024164871108,0.9092024164871108,0.9019368954600883,0.9948332515546933,0.30855521939113045,0.9958610401958878
251,0.936747690925098,0.936747690925098,0.9093212702314125,0.9916862812686703,0.30183437993028983,0.9916038116497159
252,0.8815255582523654,0.8815255582523654,0.9065900143885443,1.0,0.29252684271890633,1.0
253,0.8960712427837818,0.8960712427837818,0.896468039856059,0.9935779160325329,0.2978287862403169,1.0
254,0.9438919932796682,0.9438919932796682,0.9138590426874634,0.9935542029038932,0.29442160454342303,1.0
255,0.9178103047855712,0.9178103047855712,0.9169585037574132,0.9938885652455959,0.3020540218225102,0.9974553316540377
256,0.9368606999581724,0.9368606999581724,0.8856013833670207,0.9964861884002634,0.296925132693429,1.0
257,0.8672884418564158,0.8672884418564158,0.9149636328829521,1.0,0.30465833061303504,0.9965464933257285
258,0.9138371934715143,0.9138371934715143,0.8864499312084139,1.0,0.29839747246557524,0.9924305329594066
259,0.9257412205316866,0.9257412205316866,0.9046930030406106,0.9973942354726164,0.2982576713835413,1.0
260,0.8948563737662101,0.8948563737662101,0.9061821434257225,0.9915617184403822,0.2965522504461877,1.0
261,0.867842306575066,0.867842306575066,0.9010084766230432,1.0,0.3086440475596293,0.9911401437475154
262,0.8734440045419218,0.8734440045419218,0.9110672047333319,1.0,0.2939491450361401,0.9906719259697946
263,0.8880100870493255,0.8880100870493255,0.9198196455401304,0.999725715311676,0.30004444070937636,1.0
264,0.8748486468555072,0.8748486468555072,0.8849041652203106,0.9920962759111956,0.30835867128072064,1.0
265,0.9293104355889091,0.9293104355889091,0.8927172830638872,1.0,0.2949845527134829,0.9903644487165059
266,0.9052365206982863,0.9052365206982863,0.9142587659436818,0.9924728193091304,0.3007567073782186,1.0
267,0.9007401934421922,0.9007401934421922,0.8898594638222186,1.0,0.29043275869786256,0.9994963138280808
268,0.8809482743815423,0.8809482743815423,0.8855189880717782,1.0,0.30077406695904035,0.996181570058096
269,0.8510912881711277,0.8510912881711277,0.8852250205268354,1.0,0.30722001186908887,0.990636500949101
270,0.94839342283548,0.94839342283548,0.8857266570071565,1.0,0.30184170641039804,0.9981820941493009
271,0.8819328750173474,0.8819328750173474,0.8995440745738283,0.9972052594933566,0.29023144769038,1.0
272,0.9172054316112822,0.9172054316112822,0.9097900374699911,1.0,0.30350386999723045,0.9936408006422044
273,0.8617179919715353,0.8617179919715353,0.8905991845318879,1.0,0.30422584393295543,1.0
274,0.903758763892208,0.903758763892208,0.9078920103656521,0.9983195754313511,0.30663663169085115,1.0
275,0.8796706661166686,0.8796706661166686,0.8875840641289986,1.0,0.2973842064528655,1.0
276,0.935924431407588,0.935924431407588,0.9047238573353265,1.0,0.293323275905025,1.0
277,0.9055260735069574,0.9055260735069574,0.8908429891757866,1.0,0.2950960179423959,0.9999583156847754
278,0.9445234122446192,0.9445234122446192,0.9196070101951964,1.0,0.2995556454321905,1.0
279,0.9227464597835118,0.9227464597835118,0.8960638087219813,0.9957500740231406,0.29810530121881584,0.9901614455972849
280,0.9404076210933096,0.9404076210933096,0.9074034561068985,0.9935808354992824,0.2946758396186378,0.9923252144737408
281,0.8594130284547434,0.8594130284547434,0.9091576359432503,1.0,0.3080792855181437,0.9970853952040301
282,0.8984684073654315,0.8984684073654315,0.9099757386097452,0.9995931674015438,0.29502249560322813,0.9943922993167825
283,0.8674706024346839,0.8674706024346839,0.9170533520292249,1.0,0.3068144699867656,0.9978434921714942
284,0.8748572328783901,0.8748572328783901,0.9034197058189499,1.0,0.3023202698672048,1.0
285,0.9386171774592719,0.9386171774592719,0.8918224348863582,0.9968390227607219,0.3090898079116051,0.9915184912360857
286,0.8892565993583769,0.8892565993583769,0.8930883735215484,1.0,0.2992331983737178,1.0
287,0.9280855156713134,0.9280855156713134,0.9127425674142595,1.0,0.29834097385872405,1.0
288,0.9388154928669561,0.9388154928669561,0.8877727868168069,1.0,0.2948696561626224,1.0
289,0.8878722562882246,0.8878722562882246,0.8874011165444907,0.9979838122834636,0.301911564538103,1.0
290,0.9448208635352973,0.9448208635352973,0.9029330576910143,0.9948217416477151,0.3047985131767212,0.9963501487577253
291,0.8842011562970128,0.8842011562970128,0.9069672780584637,1.0,0.29213844716934967,0.999294191473303
292,0.889238984312982,0.889238984312982,0.8983873931633554,0.9958981554270827,0.2988333600810864,0.9930602053752721
293,0.9014880365690832,0.9014880365690832,0.8971169908097465,0.9989880764300768,0.29122412166780903,1.0
294,0.8851088026639627,0.8851088026639627,0.9181806278918972,0.9950557118794235,0.30523120255350183,0.9963046885025719
295,0.8768455634469701,0.8768455634469701,0.8859588934514332,1.0,0.297242666541077,1.0
296,0.9238339322371522,0.9238339322371522,0.9074943325813628,1.0,0.2948022733817955,0.9985075700974526
297,0.8596045443209024,0.8596045443209024,0.8880135323606166,1.0,0.3082044859164998,1.0
298,0.9241419785815943,0.9241419785815943,0.9070129927683563,0.9971963354527996,0.30804068108419713,0.9926087837505763
299,0.8789657799874464,0.8789657799874464,0.8918457875695174,1.0,0.29802418105443684,0.9946209734236989
300,0.9221275236917019,0.9221275236917019,0.899023119813913,1.0,0.30170354763614937,1.0
301,0.9432656936315477,0.9432656936315477,0.8994035873909109,1.0,0.2905451746155022,0.9947706713157393
302,0.9287962867054055,0.9287962867054055,0.909434449485773,1.0,0.2912972427278952,1.0
303,0.9224327296757441,0.9224327296757441,0.8941427294932639,1.0,0.30173949217287444,0.9981076088051869
304,0.8613634372173671,0.8613634372173671,0.8802731386872106,1.0,0.2995064368298128,1.0
305,0.8727419871421151,0.8727419871421151,0.9092067744603749,1.0,0.30738933545676334,0.994290862085349
306,0.8747445772637635,0.8747445772637635,0.8879259863591015,0.9941586579485052,0.2900052879912231,0.9984301736703733
307,0.8807308766691795,0.8807308766691795,0.9152629100955199,1.0,0.29015921003812883,1.0
308,0.8864922175662918,0.8864922175662918,0.9035829888651248,0.9917928070979984,0.3006265791505421,0.9909371744699441
309,0.9167998478492093,0.9167998478492093,0.9198851604762663,0.9915117963706029,0.3070770079481302,1.0
310,0.8575638484594178,0.8575638484594178,0.8839949118345065,0.9978346244992912,0.2974810293769368,1.0
311,0.9336585444336257,0.9336585444336257,0.9139658553633151,0.990834618298318,0.2955082828934526,0.9952645957867987
312,0.9228814373599209,0.9228814373599209,0.9002525959474401,0.9934634634320185,0.29716372320535045,0.9986269070921782
313,0.9426408738448903,0.9426408738448903,0.9180516279987287,0.9988660612596905,0.3059746607181412,0.9919572482751906
314,0.9485285851340113,0.9485285851340113,0.897045698396751,1.0,0.3082970259619033,0.9946040142762433
315,0.8557551123030558,0.8557551123030558,0.8841897358105573,0.9979968438295446,0.305603662996356,0.9933031390132459
316,0.9309986264313369,0.9309986264313369,0.8846456982157753,1.0,0.3028749005754982,0.9940436497332925
317,0.922612946455382,0.922612946455382,0.8815999228843181,0.9950573124188028,0.2978979620720015,0.9928339227483715
318,0.947654353550019,0.947654353550019,0.9129894330180999,1.0,0.299932599382409,1.0
319,0.9317977612934065,0.9317977612934065,0.9102938114631108,0.9932593624140716,0.30464707807637537,0.9997948169247025
320,0.9304318716540141,0.9304318716540141,0.905935487887428,0.9905428968563569,0.3030020233185706,1.0
321,0.8531332430663106,0.8531332430663106,0.9105200204678403,1.0,0.29944119256086377,1.0
322,0.9181490961842826,0.9181490961842826,0.8872236853473792,0.990843433255227,0.3065723002203912,1.0
323,0.871018130768551,0.871018130768551,0.9085783473342824,1.0,0.30762217804562314,0.9957892612022724
324,0.8971051549278686,0.8971051549278686,0.9083635876824325,1.0,0.30200655718799624,0.9908665507811871
325,0.9295769953942968,0.9295769953942968,0.8876202565387795,1.0,0.2926257633867022,0.9985161883588315
326,0.9272079831579682,0.9272079831579682,0.8824794813480151,0.9940470850895345,0.29232357640244927,1.0
327,0.9380358392755501,0.9380358392755501,0.8961023448749474,1.0,0.3097770299299258,1.0
328,0.9304128752688601,0.9304128752688601,0.8848783200004033,0.9973700165385786,0.30032121445732074,0.9991396230569956
329,0.8708696635883617,0.8708696635883617,0.9174759900058255,1.0,0.30102295787559585,1.0
330,0.8550962071110224,0.8550962071110224,0.9025324352469535,1.0,0.29663491518670143,1.0
331,0.8857905335776358,0.8857905335776358,0.9149643518565892,1.0,0.29395126706308367,1.0
332,0.9272878697720903,0.9272878697720903,0.8821620791065986,1.0,0.3035520059517848,1.0
333,0.8857269712304351,0.8857269712304351,0.9006453108600211,1.0,0.3020947983228651,0.9939798566184248
334,0.8745840561227318,0.8745840561227318,0.8843937179392544,0.9917302542098443,0.3052768647993713,1.0
335,0.9044005667987578,0.9044005667987578,0.8818896310378922,0.9924693304763805,0.29487364592161175,1.0
336,0.8557535197675916,0.8557535197675916,0.9107720242408118,1.0,0.30419117486628955,1.0
337,0.9443783831923241,0.9443783831923241,0.9101164094911259,0.9954029004146845,0.2924541079631495,0.9962195527630577
338,0.9201726062927134,0.9201726062927134,0.9039464834435972,0.9915453373528993,0.304792864276728,0.9978090032911514
339,0.9212223003819421,0.9212223003819421,0.8828608312211821,0.9975793102066887,0.3025712100605846,1.0
340,0.8937542195232668,0.8937542195232668,0.8827440183068641,1.0,0.3078726304164839,1.0
341,0.907447423208131,0.907447423208131,0.9078692314978533,1.0,0.2923195582203113,1.0
342,0.878401597055894,0.878401597055894,0.8802147075171206,1.0,0.29304720410382085,1.0
343,0.9405021255249372,0.9405021255249372,0.9120358135301301,0.9981767693192121,0.2909235150190138,1.0
344,0.8729155611924364,0.8729155611924364,0.9124396960162086,0.9997059889175877,0.2919179460691676,1.0
345,0.886224834066938,0.886224834066938,0.8914193217273283,0.9908372625083053,0.29221574094583536,1.0
346,0.9188066315844207,0.9188066315844207,0.9069050919107112,0.9945542889497928,0.3009168994200335,0.992915496107856
347,0.933243802504328,0.933243802504328,0.89113794547147,0.9919722512047209,0.29086252903419474,0.9937964980690381
348,0.9053789410239422,0.9053789410239422,0.8962407839960653,0.9957573085974711,0.2918792938837933,0.998756476881956
349,0.8795807379631398,0.8795807379631398,0.9031889720029731,0.9969446874818861,0.29559780194044993,0.9914854502907886
350,0.8746460634532086,0.8746460634532086,0.8917812387019494,0.9975171279337545,0.2926424624866104,1.0
351,0.9441702538706698,0.9441702538706698,0.9014351015042259,0.9924048324911985,0.296813000236434,0.9960492922159281
352,0.9249944733587253,0.9249944733587253,0.9093982733317987,0.9925134026327735,0.3049305063886446,1.0
353,0.941183195931041,0.941183195931041,0.9141237234746963,0.9902091628087696,0.2974647995729385,0.9902996380770844
354,0.9144541409303474,0.9144541409303474,0.9111535730488136,1.0,0.3064142211577941,1.0
355,0.8596308688528385,0.8596308688528385,0.902768447519361,0.994836346076715,0.30304818090938984,1.0
356,0.9458069011008332,0.9458069011008332,0.9035348241030364,0.9987098069024766,0.3061025353780835,0.9902650227190578
357,0.893841051492887,0.893841051492887,0.8924787852047302,0.9908684192729578,0.294209234302986,1.0
358,0.9047776150632116,0.9047776150632116,0.8915822401629353,0.9921917117322648,0.3064207128428299,1.0
359,0.9216333634500484,0.9216333634500484,0.8818257274174591,1.0,0.3028411661677355,1.0
360,0.8840232169106452,0.8840232169106452,0.9134710153634971,0.9988463062430778,0.2986369862819731,0.991220907990347
361,0.9051544491617594,0.9051544491617594,0.8867687079972878,0.9917950881652625,0.2992576108798314,0.9974410880212142
362,0.9262725255772244,0.9262725255772244,0.8848045490026342,0.9950812603212259,0.3047404775976208,1.0
363,0.9310428525335305,0.9310428525335305,0.9085321388775603,1.0,0.2972492726263423,1.0
364,0.9009401177986481,0.9009401177986481,0.9114530252217362,0.9936943802450171,0.2988366992353814,0.9917178862740922
365,0.8678320870381148,0.8678320870381148,0.8978441442855132,1.0,0.2940245808717706,1.0
366,0.9450674462430705,0.9450674462430705,0.8974087696784385,0.9975953779873619,0.296350288768601,1.0
367,0.9028621917256031,0.9028621917256031,0.898173225800165,1.0,0.297692079499164,0.9978245971124994
368,0.9432637713936379,0.9432637713936379,0.9161916437978095,1.0,0.3007517061421664,1.0
369,0.8973852670883871,0.8973852670883871,0.8904340190409301,0.9928765191847321,0.3066530616772748,1.0
370,0.8948147531206261,0.8948147531206261,0.893463596304323,0.9925658888957959,0.2928746614153413,1.0
371,0.8808259656886969,0.8808259656886969,0.8822082900649606,0.999073019931621,0.306601105458099,1.0
372,0.9380354937398437,0.9380354937398437,0.8870159604234603,0.9933520265709632,0.29909947726979597,1.0
373,0.9175448682866343,0.9175448682866343,0.8914197146688174,1.0,0.309724592255695,0.9909765432543607
374,0.8731840040843195,0.8731840040843195,0.8836753395953207,0.9969719283193886,0.30441966264240977,1.0
375,0.8545277986301681,0.8545277986301681,0.8886299227095161,0.9993887560236332,0.2962634157847018,0.9944146409474698
376,0.9260031894101671,0.9260031894101671,0.9070500924871842,1.0,0.29801578680672847,0.9995405572331645
377,0.9055590269526634,0.9055590269526634,0.8959988163164732,1.0,0.2950423523238063,1.0
378,0.8626605913885471,0.8626605913885471,0.9037030966742481,1.0,0.29932934815851586,0.9930468105021728
379,0.9181993354264637,0.9181993354264637,0.9051325902135604,0.9996376876793593,0.3086604802127964,1.0
380,0.8891584358678002,0.8891584358678002,0.8957561431284898,1.0,0.3058180951730558,1.0
381,0.90795073495428,0.90795073495428,0.8804456166718455,1.0,0.2916425038748667,1.0
382,0.9082017888818206,0.9082017888818206,0.8945580874967943,1.0,0.3035535195547917,0.9972854705691138
383,0.8960627162788622,0.8960627162788622,0.8805425865580649,0.9910128619308156,0.29565093791111635,0.9912036044302678
384,0.8967684351725448,0.8967684351725448,0.8953760750542333,1.0,0.298446183566335,1.0
385,0.8542765638468496,0.8542765638468496,0.9030682509878458,1.0,0.3070560270493179,1.0
386,0.8574008324352514,0.8574008324352514,0.8973724776832043,1.0,0.29118422890683937,0.992832801512489
387,0.9089469914374502,0.9089469914374502,0.9121360238511268,1.0,0.29469000565394204,0.9978037921056776
388,0.8893122259342443,0.8893122259342443,0.9070328920600895,1.0,0.29972355004744816,1.0
389,0.9324029376937452,0.9324029376937452,0.9062109998424728,1.0,0.2927212002544971,0.9992880562443823
390,0.8503571396192923,0.8503571396192923,0.8997635234352409,1.0,0.30810862169606346,0.993100028945525
391,0.9111029811376006,0.9111029811376006,0.8885394112441192,1.0,0.2905929769248561,0.9970680077336114
392,0.881165806514645,0.881165806514645,0.8891696249987563,1.0,0.30671033502249234,0.9975542264142258
393,0.8668207233193483,0.8668207233193483,0.9178171234629848,1.0,0.30734988491560317,0.99227332406218
394,0.9484215064298354,0.9484215064298354,0.8820434735909871,0.9952313757245083,0.29924705283378966,1.0
395,0.866914356366282,0.866914356366282,0.8887308747468213,0.9985883357057095,0.30695502575757544,1.0
396,0.9498760072736406,0.9498760072736406,0.8893965246866793,1.0,0.30394723667622675,1.0
397,0.9277329287093703,0.9277329287093703,0.892278212312242,1.0,0.29104178977436934,1.0
398,0.8760762899262341,0.8760762899262341,0.9018210373859378,1.0,0.29075017238546474,1.0
399,0.928791194440611,0.928791194440611,0.8974325786526882,0.9953693021038147,0.29807402934189103,1.0
400,0.9100646803965396,0.9100646803965396,0.8902456069910825,1.0,0.2999633964686518,0.9901841780247248
401,0.8905259515887032,0.8905259515887032,0.9195756728345121,0.9990573987398902,0.2982121131176068,0.9910355845608511
402,0.885908029908279,0.885908029908279,0.9016397817490117,0.9951330817114491,0.2941895742701287,0.9911282203535349
403,0.926589787303045,0.926589787303045,0.9189788124606784,0.9953404481652388,0.29475822832092047,0.9918041345788573
404,0.9096288152130221,0.9096288152130221,0.8947202677181797,1.0,0.3087250068384093,1.0
405,0.9080656734774605,0.9080656734774605,0.9062387517792716,0.9953271557700835,0.307602062550042,0.9969974490288748
406,0.8579054836266334,0.8579054836266334,0.8948461933625471,0.9963439887392704,0.3025178773383356,0.9920915952843264
407,0.9089951805341019,0.9089951805341019,0.8978388351644812,0.9912761464284205,0.3090006058549743,1.0
408,0.8952910329013974,0.8952910329013974,0.8880708029213077,0.9954304400558437,0.30967615945710286,1.0
409,0.914288835769876,0.914288835769876,0.8937941038082523,0.9940970386986525,0.29169068205653287,1.0
410,0.9112090721101953,0.9112090721101953,0.8980029796110601,0.9971128863074268,0.30004783365317633,0.9938004746117505
411,0.9196620977551607,0.9196620977551607,0.8834816417017737,0.9948176207792427,0.2967264123546986,0.9953840129183957
412,0.8515981485111785,0.8515981485111785,0.9069717766588589,1.0,0.29557754673807296,0.9914716480699133
413,0.8810934960144013,0.8810934960144013,0.8960872848333924,0.9996190251215239,0.3060406883986982,1.0
414,0.8776509454917119,0.8776509454917119,0.8902907485263807,1.0,0.3048659511924105,0.9970406201092048
415,0.8600051345210483,0.8600051345210483,0.9120163857481374,1.0,0.29744698464138364,1.0
416,0.9211808657848423,0.9211808657848423,0.899822624996909,1.0,0.2928851803890407,0.9975863447029725
417,0.9145171087511035,0.9145171087511035,0.9181558465367117,1.0,0.30511220831606056,0.9981651360351761
418,0.8646072194987133,0.8646072194987133,0.887899002540408,1.0,0.29873759653016246,0.9958009236251495
419,0.9413283067060995,0.9413283067060995,0.8853598667737718,1.0,0.3029363147506696,1.0
420,0.8947632591287312,0.8947632591287312,0.8879591878252402,1.0,0.30785019842370115,0.9979506325380327
421,0.9491376177978151,0.9491376177978151,0.8989529894531975,1.0,0.2950506730597582,0.9985736788587591
422,0.8527894152525,0.8527894152525,0.8859592405847132,0.994807646295541,0.3014635358044072,1.0
423,0.9193479191178935,0.9193479191178935,0.9014833547017603,1.0,0.3086588436762627,1.0
424,0.8833216838334426,0.8833216838334426,0.8981698760657988,0.9924661709392212,0.2991950960177412,1.0
425,0.9301346835789724,0.9301346835789724,0.9034217480579416,0.9952088105189667,0.2998719521799915,1.0
426,0.8583226448807251,0.8583226448807251,0.903829117169557,1.0,0.3015630577930367,0.9937450450171501
427,0.9257809132119296,0.9257809132119296,0.9172668852523218,1.0,0.3056584997949645,1.0
428,0.8839318891200807,0.8839318891200807,0.9118050175144231,0.9933456328720607,0.2925403823667609,0.999890108109202
429,0.9017424287072668,0.9017424287072668,0.9122557682401341,1.0,0.29452748327290373,1.0
430,0.8633265218519482,0.8633265218519482,0.8901177729902378,0.9917451696559552,0.30626713743509293,0.9951106837373689
431,0.9108355032271511,0.9108355032271511,0.8866502485411768,0.9929566946455458,0.30418173323724756,0.9922503477517455
432,0.8558896626609165,0.8558896626609165,0.9049352967464164,1.0,0.30673135397636664,1.0
433,0.9491095532025897,0.9491095532025897,0.8871348912023703,0.9981144600587658,0.30563718505953175,0.9913897536087314
434,0.9096603693901377,0.9096603693901377,0.8953125428220978,0.9917421638138472,0.30598916714373475,1.0
435,0.8732251411375362,0.8732251411375362,0.8879962568505002,1.0,0.2963284048294047,0.9926511476029471
436,0.9498808194462054,0.9498808194462054,0.8956334479519118,0.9906676809731143,0.29503614284938934,0.9911863405752668
437,0.8979137085723086,0.8979137085723086,0.8832309141199481,0.9921524005901209,0.29234098220048127,1.0
438,0.854876101304897,0.854876101304897,0.8978296352583488,1.0,0.30930121643025543,1.0
439,0.8531066613956924,0.8531066613956924,0.8848999896237437,1.0,0.2919326576891692,1.0
440,0.9198741390480888,0.9198741390480888,0.8827769373139294,0.9979280559554309,0.298805929924261,1.0
441,0.8929622243236615,0.8929622243236615,0.9045384753014711,1.0,0.2981456307762477,1.0
442,0.8967153073393684,0.8967153073393684,0.8932813126867304,0.9998595598393235,0.2954263474740737,0.9916786391785571
443,0.9215315055268187,0.9215315055268187,0.906522059293825,1.0,0.30708836683372875,0.9912777124079293
444,0.8795093960517795,0.8795093960517795,0.9042656151263931,1.0,0.2998834368572116,0.9968006500356381
445,0.9094585054912572,0.9094585054912572,0.9089290857647215,0.9997164222520379,0.2938624843363749,1.0
446,0.8638688945956015,0.8638688945956015,0.8909132396612518,1.0,0.2922644290049483,0.9909607740228864
447,0.9004083137177223,0.9004083137177223,0.9050612800215414,1.0,0.2996456238672306,0.9975667644913646
448,0.9262385371198348,0.9262385371198348,0.8960247457404474,0.9910987686542184,0.3011197140508855,0.9987171456824229
449,0.9236163161437068,0.9236163161437068,0.8850066995197957,1.0,0.30972284804004463,0.9950335677822214
450,0.9228618812688304,0.9228618812688304,0.9011837989818287,0.9957488452623824,0.2943383196234268,0.9984891199623305
451,0.935510528522219,0.935510528522219,0.8836320614757789,1.0,0.29277791354220056,0.9907828691156716
452,0.9182725008882626,0.9182725008882626,0.9060360167389409,0.9907237453253003,0.29981050626724215,0.9915833958990712
453,0.85313230291382,0.85313230291382,0.8928064350174664,0.991688462036248,0.2988806209284187,0.9908621729188053
454,0.8659161205832989,0.8659161205832989,0.8813637840279245,1.0,0.29482833509314493,0.9902714946497113
455,0.8906986117856008,0.8906986117856008,0.9127219563387307,0.9911643947949604,0.2925799307332696,0.9963430205454484
456,0.9282344935454688,0.9282344935454688,0.8980071737637798,0.9917185933491492,0.30802513141931753,0.9985292718754775
457,0.8813557341862487,0.8813557341862487,0.9081601514202428,1.0,0.3055153310045777,1.0
458,0.8514556514305793,0.8514556514305793,0.9103988862366212,0.9922805271154727,0.29058008751670533,1.0
459,0.8986720261223495,0.8986720261223495,0.8846973727037123,0.9955131646418707,0.2984268658224637,1.0
460,0.887841128917067,0.887841128917067,0.8874806072616581,1.0,0.2935897081767918,0.9910135465651094
461,0.9027963787981069,0.9027963787981069,0.886956216935812,1.0,0.3005554082907044,1.0
462,0.8649328869241419,0.8649328869241419,0.8882517940605084,1.0,0.3059067137502125,0.9953271735968787
463,0.9133847068252448,0.9133847068252448,0.9136163670829491,1.0,0.3027361620006345,0.9926726160359318
464,0.9187364357246359,0.9187364357246359,0.9089534679837227,0.9971244896295974,0.3099621686165134,1.0
465,0.898403011399483,0.898403011399483,0.9038761110936355,1.0,0.2970679432392382,1.0
466,0.913382977649873,0.913382977649873,0.9177918838604263,0.9927023770123248,0.2958887592880492,0.9926500207320188
467,0.8650877110899228,0.8650877110899228,0.9129373439124803,1.0,0.29714378487767773,0.9985234185974511
468,0.8965343160438349,0.8965343160438349,0.8938627337157526,1.0,0.3046854588273982,1.0
469,0.941970117937173,0.941970117937173,0.9027460616149259,0.9905707533244887,0.29154501176010683,0.9914316950971316
470,0.8922538101245922,0.8922538101245922,0.9015716165445357,0.9935059538915301,0.29292974511181474,1.0
471,0.9250844963439685,0.9250844963439685,0.8933578402097858,1.0,0.3026583612895902,1.0
472,0.9084886841373877,0.9084886841373877,0.909176479331985,0.9904109575093578,0.30694997278659486,0.9992891966583636
473,0.939228883026257,0.939228883026257,0.8809499266358356,0.9943434339565932,0.3051651083520282,0.999349036741105
474,0.9224101070420849,0.9224101070420849,0.8832060259336031,0.9925183613971951,0.3037657051281119,0.9972455479998925
475,0.9473192524151366,0.9473192524151366,0.890780928491366,1.0,0.2966966125111154,1.0
476,0.9440825805081797,0.9440825805081797,0.9083940010160709,0.9990637859022931,0.30481542577018095,1.0
477,0.8884503141170005,0.8884503141170005,0.889908436371141,1.0,0.3088683996760264,0.9949561761148985
478,0.8528354867796976,0.8528354867796976,0.9077992911500801,1.0,0.2900414334773741,0.9945385258740771
479,0.851145230074798,0.851145230074798,0.8953022014473907,1.0,0.3066612970817531,1.0
480,0.9141559422203716,0.9141559422203716,0.9133286568143953,0.9977176237400793,0.30940214342730693,0.9917819573435301
481,0.8556226339564622,0.8556226339564622,0.8809299860374787,0.9902207225707685,0.30845336912745824,0.9906455402704852
482,0.8829410709842967,0.8829410709842967,0.8817423118586242,1.0,0.30302339640410203,1.0
483,0.8845726298629545,0.8845726298629545,0.9182435288113543,0.9983578335425056,0.30590727830961706,1.0
484,0.9220236227299284,0.9220236227299284,0.9110971483552144,1.0,0.2989607291981424,0.9962928041179948
485,0.8942588664218297,0.8942588664218297,0.8925685365456235,1.0,0.299050036974274,0.998205539413194
486,0.9222956963633417,0.9222956963633417,0.8904250216542384,0.9948111304842975,0.3017499197650626,1.0
487,0.8655345136769134,0.8655345136769134,0.8888104296849999,1.0,0.3062184718648598,1.0
488,0.9383746556314934,0.9383746556314934,0.9026687209161524,0.9918399073924574,0.2991870769087938,0.992900876171783
489,0.9019351099914388,0.9019351099914388,0.8855261027880957,0.994028161038309,0.2920373319758843,0.9923708481828308
490,0.8715563342696238,0.8715563342696238,0.916113513952425,0.9918916959734249,0.29853956131225656,1.0
491,0.9018510132116977,0.9018510132116977,0.8878385554797329,0.9971472146611368,0.299032924415016,0.9937858836590796
492,0.9099401963471845,0.9099401963471845,0.9015084320927343,0.9932584676155888,0.3010675050579948,1.0
493,0.9423747846987913,0.9423747846987913,0.9080135301957545,0.9931084747369154,0.2940661637446457,0.9943311130595022
494,0.9111770140510195,0.9111770140510195,0.8978836613305149,0.9957905760850734,0.29022636013249575,0.9933307384264536
495,0.9078635171247217,0.9078635171247217,0.895597255738549,1.0,0.2980164722043463,1.0
496,0.8739760316108517,0.8739760316108517,0.8868971364881674,1.0,0.30553116002120784,1.0
497,0.900091741735667,0.900091741735667,0.9023690363036485,1.0,0.2988054517617452,0.9951427005504387
498,0.8957150826268883,0.8957150826268883,0.9110113629358416,1.0,0.29957295649298926,1.0
499,0.8863197282813671,0.8863197282813671,0.8993287300770559,1.0,0.3054837729452409,0.9910605364622239
500,0.9092759365338712,0.9092759365338712,0.8820447709910736,1.0,0.3087985229384223,0.998252727546594
501,0.9293347563651362,0.9293347563651362,0.8865003783681958,0.9900530824387327,0.2997546265279421,1.0
502,0.8886475475808079,0.8886475475808079,0.9000823666906163,0.9942580757013615,0.2983562073065491,1.0
503,0.9410035538910909,0.9410035538910909,0.9117358824768055,1.0,0.3058568107926291,1.0
504,0.870236046352881,0.870236046352881,0.9025311666392066,1.0,0.3091465534485949,0.9976523642834041
505,0.9081625753894434,0.9081625753894434,0.8843379944407614,1.0,0.29437646365643694,1.0
506,0.8695571836178775,0.8695571836178775,0.8815511581347949,1.0,0.3063899494169032,0.9963467513405598
507,0.9306518192933393,0.9306518192933393,0.8914144911331636,1.0,0.3074422430248704,1.0
508,0.9207968251320773,0.9207968251320773,0.881516642547726,0.9925235686682488,0.2988666187021435,0.9943619353900295
509,0.8967977172328017,0.8967977172328017,0.9023071636116974,1.0,0.30871082061977434,1.0
510,0.9355316602507875,0.9355316602507875,0.8988386434417104,1.0,0.309327177817489,1.0
511,0.8582646599186006,0.8582646599186006,0.8830332555859387,1.0,0.30125481032088863,0.9924704067458129
512,0.916656006331323,0.916656006331323,0.8979881984972452,1.0,0.29501999433702714,1.0
513,0.8828585415429027,0.8828585415429027,0.9110167327096453,1.0,0.30284823397370597,0.9951917640793346
514,0.926239710397431,0.926239710397431,0.8992827149828612,0.9944987557881486,0.290037569383333,0.9985024317888528
515,0.8696059921597692,0.8696059921597692,0.9109474581870577,1.0,0.30332541420071846,1.0
516,0.8772364764390294,0.8772364764390294,0.9008577253991461,0.9937622373301839,0.3057016146044198,0.9997103128591573
517,0.9145164045269338,0.9145164045269338,0.8865997550158161,1.0,0.3046482286562019,1.0
518,0.8894626018687504,0.8894626018687504,0.8983379631577362,1.0,0.3052194473272009,1.0
519,0.909635742200082,0.909635742200082,0.8843198628215407,1.0,0.2903507785529281,1.0
520,0.94716279921249,0.94716279921249,0.8896242138280019,0.9995999370270419,0.2979730340956097,0.9928438613279109
521,0.9415751277711488,0.9415751277711488,0.8866243519114011,1.0,0.3025561546340938,1.0
522,0.9106206959448022,0.9106206959448022,0.9106755933453464,0.9901935923759384,0.30844378711977577,0.998918880223058
523,0.8666951681644816,0.8666951681644816,0.9050420778910852,1.0,0.29645277303679807,0.999929711256115
524,0.947380506958282,0.947380506958282,0.8854512083236378,0.9983969905757234,0.30157583327762505,1.0
525,0.8675362482588896,0.8675362482588896,0.9029794337281969,1.0,0.3060614965706673,1.0
526,0.8590053891914193,0.8590053891914193,0.9154624547436905,0.9901815798649946,0.3099813292559125,0.9939033630336901
527,0.9046124787876363,0.9046124787876363,0.9106655720542408,1.0,0.29029333955573494,0.9907447576654098
528,0.9391183923896396,0.9391183923896396,0.8967400168167267,1.0,0.2927992924706381,0.9911790410637751
529,0.8866890261726406,0.8866890261726406,0.900686944001387,0.9978849459634249,0.29541281499555194,0.9965556223886133
530,0.9009957730591541,0.9009957730591541,0.882733920908822,1.0,0.3090529954396008,1.0
531,0.8784553890984761,0.8784553890984761,0.8856561982831558,1.0,0.2932919514570302,1.0
532,0.9109418400318497,0.9109418400318497,0.8946215091343865,0.9920368675564847,0.29176626632261354,1.0
533,0.8666513512151186,0.8666513512151186,0.9034046572524415,0.9957208927089944,0.30449232076411753,1.0
534,0.8961114124754348,0.8961114124754348,0.9070892481853999,1.0,0.29959856618271263,0.9964061249585591
535,0.9351620373328041,0.9351620373328041,0.894270208238573,1.0,0.3030296628055384,0.9972541371591048
536,0.8888639138622907,0.8888639138622907,0.9180925225374792,0.9930478386675974,0.3031830378529113,1.0
537,0.904809445267479,0.904809445267479,0.8846589924720105,0.9914450896433884,0.29187866368636634,0.9925428575245044
538,0.944967693101014,0.944967693101014,0.9196003634943939,0.9946753937044982,0.303661956298492,1.0
539,0.9346667429790599,0.9346667429790599,0.8813507515521171,0.991996772034228,0.3019789198137966,0.9971834819831019
540,0.8656665274077777,0.8656665274077777,0.9039486669694679,0.9994815547117941,0.3065883571704969,0.9970598495554843
541,0.9120180845798166,0.9120180845798166,0.9168611635074301,1.0,0.30001303741349905,0.9924021455922453
542,0.8511016412270168,0.8511016412270168,0.900748950683765,1.0,0.30311865403553195,0.9917823725060125
543,0.8722661926354661,0.8722661926354661,0.8973172460384315,0.9982659813235031,0.2926731605545721,0.9999339627780311
544,0.9137159670270046,0.9137159670270046,0.9098180634057794,1.0,0.3085663820718031,0.9901645186038006
545,0.877947900603191,0.877947900603191,0.9164207600477422,0.9973760028106942,0.29895607757091125,0.9952379797631754
546,0.9199635639178102,0.9199635639178102,0.9068044910435512,0.9905025244980646,0.2980456591884115,1.0
547,0.8659711388522341,0.8659711388522341,0.8946106705401831,1.0,0.30584034072674504,1.0
548,0.9449978286056058,0.9449978286056058,0.8962378633381752,1.0,0.2951642848870522,0.992967274261142
549,0.9274912671869106,0.9274912671869106,0.8909821738097006,1.0,0.29117857692441623,0.9972634454594116
550,0.9027200283691542,0.9027200283691542,0.8915628214446505,0.9909035491893132,0.29392707357592324,0.9995089853707938
551,0.9427360635841666,0.9427360635841666,0.8971527029754717,1.0,0.29107166548688607,0.9976215827731811
552,0.88419691498663,0.88419691498663,0.9063136962438136,1.0,0.3058283875705829,1.0
553,0.8984362404964976,0.8984362404964976,0.8963278098839369,0.9998936235170786,0.3049537784758147,0.9980788849756217
554,0.9153066817597794,0.9153066817597794,0.9189839603870165,0.9919548273557179,0.3089786075884978,0.9903128990659931
555,0.8703257468481193,0.8703257468481193,0.9119668220800667,0.9961223045085943,0.3052615322970449,0.9943139026297095
556,0.9152596247193244,0.9152596247193244,0.9102638270678394,1.0,0.30279381674441047,0.9951575061281362
557,0.9174823715275859,0.9174823715275859,0.9164152403881035,1.0,0.3066719344650232,1.0
558,0.9476211861350746,0.9476211861350746,0.884247151373066,1.0,0.30521828433425824,0.9900057186126116
559,0.8738208800581042,0.8738208800581042,0.8921311072704418,1.0,0.29314560869611705,0.9954097719855971
560,0.9159533009937386,0.9159533009937386,0.9013972941906992,1.0,0.2949985739009819,1.0
561,0.8832772883815385,0.8832772883815385,0.9054195204912882,0.9941579423896431,0.304011804794758,1.0
562,0.9493982936200007,0.9493982936200007,0.885380747710383,0.9983307268306222,0.2930043047597327,0.9904968224521825
563,0.8630959851336033,0.8630959851336033,0.8835730457083679,1.0,0.2926766590157999,1.0
564,0.8683072583300795,0.8683072583300795,0.88821856228082,1.0,0.29144146042060826,1.0
565,0.8621125780712611,0.8621125780712611,0.9153727589454278,0.9936183275347696,0.3092984722541424,0.9983926398131531
566,0.9255886770083611,0.9255886770083611,0.8988347506126385,1.0,0.30123480734937685,0.9984240436484705
567,0.948728213338007,0.948728213338007,0.8923237626719712,1.0,0.30874023571736603,0.9958189653978031
568,0.888333023591634,0.888333023591634,0.9116089183375102,1.0,0.2938220648628914,1.0
569,0.9224106750398726,0.9224106750398726,0.9036021602238382,0.9920076740447207,0.30186760220054243,1.0
570,0.9257471826447077,0.9257471826447077,0.886149842827433,0.9913744193759085,0.30825393591918404,0.9927271049217451
571,0.9314315300354565,0.9314315300354565,0.906204570557392,0.9937995020153108,0.29534166872539797,0.9985956591330846
572,0.9347613159384176,0.9347613159384176,0.9125586376433776,1.0,0.2935812480997375,0.9984016281606078
573,0.8979777084294858,0.8979777084294858,0.9160959260398072,0.991308436479086,0.3074828396130184,0.9958347469887284
574,0.9241773704645321,0.9241773704645321,0.9149912781487174,1.0,0.30600970997079685,0.9936411525910805
575,0.855328104708758,0.855328104708758,0.9144116097853308,0.9924614918343796,0.29756180404741345,0.9989503504820829
576,0.9321741417130047,0.9321741417130047,0.8871712721798316,1.0,0.3000843786556923,0.9950932750342569
577,0.8731107653009497,0.8731107653009497,0.9186436776261739,0.9927072692384988,0.2940215120661663,0.9943260434059396
578,0.9174186297836076,0.9174186297836076,0.8819751729186629,0.9998113047389546,0.30763642285682813,0.9969008111233134
579,0.9236789553421318,0.9236789553421318,0.8888414505923143,0.9900123760787335,0.30416048192627415,1.0
580,0.9468246854344877,0.9468246854344877,0.8863854145362478,0.9947496758499834,0.2969905982623152,0.9967768794333878
581,0.8715354361560939,0.8715354361560939,0.9101786040815143,1.0,0.2908300725652293,1.0
582,0.9402408262982179,0.9402408262982179,0.8840127607021393,0.9950527738222305,0.2921289612453532,0.991123037284318
583,0.93064897307578,0.93064897307578,0.918214007437566,0.9974491392535227,0.29524360076230916,1.0
584,0.9349196856770611,0.9349196856770611,0.8839977775088034,0.9974530885960818,0.2956260175894715,1.0
585,0.9231508494530873,0.9231508494530873,0.8947456223707554,0.9987556378338105,0.30162912425078636,1.0
586,0.9334114437364003,0.9334114437364003,0.9128776031791574,0.9922587302632746,0.3074276176300647,0.9927188338662297
587,0.9449048073292023,0.9449048073292023,0.8999463773168785,1.0,0.30859430243053215,0.9976064796549633
588,0.8728792998598094,0.8728792998598094,0.9078770298244127,0.9918467063850762,0.30858906265512065,1.0
589,0.9226442505989336,0.9226442505989336,0.8801904733142316,0.9909500413280276,0.30042549484764136,1.0
590,0.8872455804866384,0.8872455804866384,0.900515783648303,1.0,0.2932459030949256,0.9986772281513042
591,0.9061783453034952,0.9061783453034952,0.895155506906328,1.0,0.3043621788263595,1.0
592,0.8714862854247398,0.8714862854247398,0.9047869909716612,0.9905914146673132,0.2950089880867165,0.9964116832020516
593,0.8983198725205992,0.8983198725205992,0.9097980621456697,1.0,0.2970057545487741,0.9920926331802619
594,0.9122341733117354,0.9122341733117354,0.9140661030572252,0.9923823623138839,0.2928921961222796,0.9922915734301684
595,0.9209731364732586,0.9209731364732586,0.9104248117077269,1.0,0.2985004830838729,0.9915289145160092
596,0.8982496129440488,0.8982496129440488,0.8991180103254651,0.9914174242766097,0.29432872732696125,0.9955499891907246
597,0.8834442726414986,0.8834442726414986,0.9148951190047074,0.9984858066671302,0.29569964874848,0.991769477298445
598,0.916822482057052,0.916822482057052,0.9038673525233094,1.0,0.3019023627758778,0.9934680699758335
599,0.9306662684449274,0.9306662684449274,0.8838207479350549,0.9919236127198733,0.2907200056382936,0.993286979824588
