timestamp_offset,node_id,thermal_score,visual_score,image_filename,lat,lng
0,NODE-NSW-01,0.39,0.10,,-35.714000,150.179000
1,NODE-NSW-01,0.39,0.10,,-35.713990,150.179010
2,NODE-NSW-01,0.38,0.10,,-35.713980,150.179020
3,NODE-NSW-01,0.41,0.10,,-35.713970,150.179030
4,NODE-NSW-01,0.38,0.10,,-35.713960,150.179040
5,NODE-NSW-01,0.41,0.10,,-35.713950,150.179050
6,NODE-NSW-01,0.41,0.10,,-35.713940,150.179060
7,NODE-NSW-01,0.40,0.10,,-35.713930,150.179070
8,NODE-NSW-01,0.42,0.10,,-35.713920,150.179080
9,NODE-NSW-01,0.41,0.10,,-35.713910,150.179090
10,NODE-NSW-01,0.41,0.10,,-35.713900,150.179100
11,NODE-NSW-01,0.41,0.10,,-35.713890,150.179110
12,NODE-NSW-01,0.42,0.10,,-35.713880,150.179120
13,NODE-NSW-01,0.40,0.10,,-35.713870,150.179130
14,NODE-NSW-01,0.38,0.10,,-35.713860,150.179140
15,NODE-NSW-01,0.42,0.10,,-35.713850,150.179150
16,NODE-NSW-01,0.39,0.10,,-35.713840,150.179160
17,NODE-NSW-01,0.41,0.10,,-35.713830,150.179170
18,NODE-NSW-01,0.40,0.10,,-35.713820,150.179180
19,NODE-NSW-01,0.39,0.10,,-35.713810,150.179190
20,NODE-NSW-01,0.40,0.10,,-35.713800,150.179200
21,NODE-NSW-01,0.40,0.10,,-35.713790,150.179210
22,NODE-NSW-01,0.42,0.10,,-35.713780,150.179220
23,NODE-NSW-01,0.39,0.10,,-35.713770,150.179230
24,NODE-NSW-01,0.40,0.10,,-35.713760,150.179240
25,NODE-NSW-01,0.40,0.10,,-35.713750,150.179250
26,NODE-NSW-01,0.39,0.10,,-35.713740,150.179260
27,NODE-NSW-01,0.40,0.10,,-35.713730,150.179270
28,NODE-NSW-01,0.40,0.10,,-35.713720,150.179280
29,NODE-NSW-01,0.39,0.10,,-35.713710,150.179290
30,NODE-NSW-01,0.39,0.10,,-35.713700,150.179300
31,NODE-NSW-01,0.39,0.10,,-35.713690,150.179310
32,NODE-NSW-01,0.40,0.10,,-35.713680,150.179320
33,NODE-NSW-01,0.39,0.10,,-35.713670,150.179330
34,NODE-NSW-01,0.40,0.10,,-35.713660,150.179340
35,NODE-NSW-01,0.41,0.10,,-35.713650,150.179350
36,NODE-NSW-01,0.39,0.10,,-35.713640,150.179360
37,NODE-NSW-01,0.41,0.10,,-35.713630,150.179370
38,NODE-NSW-01,0.39,0.10,,-35.713620,150.179380
39,NODE-NSW-01,0.39,0.10,,-35.713610,150.179390
40,NODE-NSW-01,0.42,0.10,,-35.713600,150.179400
41,NODE-NSW-01,0.39,0.10,,-35.713590,150.179410
42,NODE-NSW-01,0.40,0.10,,-35.713580,150.179420
43,NODE-NSW-01,0.39,0.10,,-35.713570,150.179430
44,NODE-NSW-01,0.38,0.10,,-35.713560,150.179440
45,NODE-NSW-01,0.42,0.10,,-35.713550,150.179450
46,NODE-NSW-01,0.40,0.10,,-35.713540,150.179460
47,NODE-NSW-01,0.39,0.10,,-35.713530,150.179470
48,NODE-NSW-01,0.40,0.10,,-35.713520,150.179480
49,NODE-NSW-01,0.41,0.10,,-35.713510,150.179490
50,NODE-NSW-01,0.42,0.10,,-35.713500,150.179500
51,NODE-NSW-01,0.41,0.10,,-35.713490,150.179510
52,NODE-NSW-01,0.41,0.10,,-35.713480,150.179520
53,NODE-NSW-01,0.40,0.10,,-35.713470,150.179530
54,NODE-NSW-01,0.41,0.10,,-35.713460,150.179540
55,NODE-NSW-01,0.41,0.10,,-35.713450,150.179550
56,NODE-NSW-01,0.39,0.10,,-35.713440,150.179560
57,NODE-NSW-01,0.39,0.10,,-35.713430,150.179570
58,NODE-NSW-01,0.38,0.10,,-35.713420,150.179580
59,NODE-NSW-01,0.38,0.10,,-35.713410,150.179590
60,NODE-NSW-01,0.42,0.10,,-35.713400,150.179600
61,NODE-NSW-01,0.42,0.10,,-35.713390,150.179610
62,NODE-NSW-01,0.42,0.10,,-35.713380,150.179620
63,NODE-NSW-01,0.42,0.10,,-35.713370,150.179630
64,NODE-NSW-01,0.41,0.10,,-35.713360,150.179640
65,NODE-NSW-01,0.39,0.10,,-35.713350,150.179650
66,NODE-NSW-01,0.40,0.10,,-35.713340,150.179660
67,NODE-NSW-01,0.40,0.10,,-35.713330,150.179670
68,NODE-NSW-01,0.42,0.10,,-35.713320,150.179680
69,NODE-NSW-01,0.42,0.10,,-35.713310,150.179690
70,NODE-NSW-01,0.41,0.10,,-35.713300,150.179700
71,NODE-NSW-01,0.40,0.10,,-35.713290,150.179710
72,NODE-NSW-01,0.39,0.10,,-35.713280,150.179720
73,NODE-NSW-01,0.40,0.10,,-35.713270,150.179730
74,NODE-NSW-01,0.42,0.10,,-35.713260,150.179740
75,NODE-NSW-01,0.38,0.10,,-35.713250,150.179750
76,NODE-NSW-01,0.40,0.10,,-35.713240,150.179760
77,NODE-NSW-01,0.42,0.10,,-35.713230,150.179770
78,NODE-NSW-01,0.40,0.10,,-35.713220,150.179780
79,NODE-NSW-01,0.38,0.10,,-35.713210,150.179790
80,NODE-NSW-01,0.41,0.10,,-35.713200,150.179800
81,NODE-NSW-01,0.39,0.10,,-35.713190,150.179810
82,NODE-NSW-01,0.39,0.10,,-35.713180,150.179820
83,NODE-NSW-01,0.40,0.10,,-35.713170,150.179830
84,NODE-NSW-01,0.42,0.10,,-35.713160,150.179840
85,NODE-NSW-01,0.39,0.10,,-35.713150,150.179850
86,NODE-NSW-01,0.38,0.10,,-35.713140,150.179860
87,NODE-NSW-01,0.42,0.10,,-35.713130,150.179870
88,NODE-NSW-01,0.38,0.10,,-35.713120,150.179880
89,NODE-NSW-01,0.38,0.10,,-35.713110,150.179890
90,NODE-NSW-01,0.41,0.10,,-35.713100,150.179900
91,NODE-NSW-01,0.40,0.10,,-35.713090,150.179910
92,NODE-NSW-01,0.41,0.10,,-35.713080,150.179920
93,NODE-NSW-01,0.38,0.10,,-35.713070,150.179930
94,NODE-NSW-01,0.42,0.10,,-35.713060,150.179940
95,NODE-NSW-01,0.39,0.10,,-35.713050,150.179950
96,NODE-NSW-01,0.41,0.10,,-35.713040,150.179960
97,NODE-NSW-01,0.39,0.10,,-35.713030,150.179970
98,NODE-NSW-01,0.41,0.10,,-35.713020,150.179980
99,NODE-NSW-01,0.38,0.10,,-35.713010,150.179990
100,NODE-NSW-01,0.40,0.10,,-35.713000,150.180000
101,NODE-NSW-01,0.38,0.10,,-35.712990,150.180010
102,NODE-NSW-01,0.39,0.10,,-35.712980,150.180020
103,NODE-NSW-01,0.39,0.10,,-35.712970,150.180030
104,NODE-NSW-01,0.40,0.10,,-35.712960,150.180040
105,NODE-NSW-01,0.40,0.10,,-35.712950,150.180050
106,NODE-NSW-01,0.39,0.10,,-35.712940,150.180060
107,NODE-NSW-01,0.42,0.10,,-35.712930,150.180070
108,NODE-NSW-01,0.41,0.10,,-35.712920,150.180080
109,NODE-NSW-01,0.39,0.10,,-35.712910,150.180090
110,NODE-NSW-01,0.39,0.10,,-35.712900,150.180100
111,NODE-NSW-01,0.40,0.10,,-35.712890,150.180110
112,NODE-NSW-01,0.39,0.10,,-35.712880,150.180120
113,NODE-NSW-01,0.40,0.10,,-35.712870,150.180130
114,NODE-NSW-01,0.41,0.10,,-35.712860,150.180140
115,NODE-NSW-01,0.41,0.10,,-35.712850,150.180150
116,NODE-NSW-01,0.39,0.10,,-35.712840,150.180160
117,NODE-NSW-01,0.39,0.10,,-35.712830,150.180170
118,NODE-NSW-01,0.42,0.10,,-35.712820,150.180180
119,NODE-NSW-01,0.39,0.10,,-35.712810,150.180190
120,NODE-NSW-01,0.39,0.10,,-35.712800,150.180200
121,NODE-NSW-01,0.40,0.10,,-35.712790,150.180210
122,NODE-NSW-01,0.40,0.10,,-35.712780,150.180220
123,NODE-NSW-01,0.38,0.10,,-35.712770,150.180230
124,NODE-NSW-01,0.40,0.10,,-35.712760,150.180240
125,NODE-NSW-01,0.38,0.10,,-35.712750,150.180250
126,NODE-NSW-01,0.41,0.10,,-35.712740,150.180260
127,NODE-NSW-01,0.42,0.10,,-35.712730,150.180270
128,NODE-NSW-01,0.41,0.10,,-35.712720,150.180280
129,NODE-NSW-01,0.39,0.10,,-35.712710,150.180290
130,NODE-NSW-01,0.41,0.10,,-35.712700,150.180300
131,NODE-NSW-01,0.38,0.10,,-35.712690,150.180310
132,NODE-NSW-01,0.41,0.10,,-35.712680,150.180320
133,NODE-NSW-01,0.40,0.10,,-35.712670,150.180330
134,NODE-NSW-01,0.38,0.10,,-35.712660,150.180340
135,NODE-NSW-01,0.41,0.10,,-35.712650,150.180350
136,NODE-NSW-01,0.40,0.10,,-35.712640,150.180360
137,NODE-NSW-01,0.40,0.10,,-35.712630,150.180370
138,NODE-NSW-01,0.40,0.10,,-35.712620,150.180380
139,NODE-NSW-01,0.40,0.10,,-35.712610,150.180390
140,NODE-NSW-01,0.42,0.10,,-35.712600,150.180400
141,NODE-NSW-01,0.40,0.10,,-35.712590,150.180410
142,NODE-NSW-01,0.38,0.10,,-35.712580,150.180420
143,NODE-NSW-01,0.39,0.10,,-35.712570,150.180430
144,NODE-NSW-01,0.40,0.10,,-35.712560,150.180440
145,NODE-NSW-01,0.42,0.10,,-35.712550,150.180450
146,NODE-NSW-01,0.41,0.10,,-35.712540,150.180460
147,NODE-NSW-01,0.41,0.10,,-35.712530,150.180470
148,NODE-NSW-01,0.41,0.10,,-35.712520,150.180480
149,NODE-NSW-01,0.38,0.10,,-35.712510,150.180490
150,NODE-NSW-01,0.40,0.10,,-35.712500,150.180500
151,NODE-NSW-01,0.42,0.10,,-35.712490,150.180510
152,NODE-NSW-01,0.39,0.10,,-35.712480,150.180520
153,NODE-NSW-01,0.40,0.10,,-35.712470,150.180530
154,NODE-NSW-01,0.42,0.10,,-35.712460,150.180540
155,NODE-NSW-01,0.41,0.10,,-35.712450,150.180550
156,NODE-NSW-01,0.38,0.10,,-35.712440,150.180560
157,NODE-NSW-01,0.39,0.10,,-35.712430,150.180570
158,NODE-NSW-01,0.40,0.10,,-35.712420,150.180580
159,NODE-NSW-01,0.39,0.10,,-35.712410,150.180590
160,NODE-NSW-01,0.39,0.10,,-35.712400,150.180600
161,NODE-NSW-01,0.40,0.10,,-35.712390,150.180610
162,NODE-NSW-01,0.39,0.10,,-35.712380,150.180620
163,NODE-NSW-01,0.38,0.10,,-35.712370,150.180630
164,NODE-NSW-01,0.41,0.10,,-35.712360,150.180640
165,NODE-NSW-01,0.40,0.10,,-35.712350,150.180650
166,NODE-NSW-01,0.41,0.10,,-35.712340,150.180660
167,NODE-NSW-01,0.39,0.10,,-35.712330,150.180670
168,NODE-NSW-01,0.42,0.10,,-35.712320,150.180680
169,NODE-NSW-01,0.40,0.10,,-35.712310,150.180690
170,NODE-NSW-01,0.42,0.10,,-35.712300,150.180700
171,NODE-NSW-01,0.40,0.10,,-35.712290,150.180710
172,NODE-NSW-01,0.39,0.10,,-35.712280,150.180720
173,NODE-NSW-01,0.40,0.10,,-35.712270,150.180730
174,NODE-NSW-01,0.41,0.10,,-35.712260,150.180740
175,NODE-NSW-01,0.40,0.10,,-35.712250,150.180750
176,NODE-NSW-01,0.38,0.10,,-35.712240,150.180760
177,NODE-NSW-01,0.40,0.10,,-35.712230,150.180770
178,NODE-NSW-01,0.39,0.10,,-35.712220,150.180780
179,NODE-NSW-01,0.39,0.10,,-35.712210,150.180790
180,NODE-NSW-01,0.40,0.10,,-35.712200,150.180800
181,NODE-NSW-01,0.40,0.10,,-35.712190,150.180810
182,NODE-NSW-01,0.41,0.11,,-35.712180,150.180820
183,NODE-NSW-01,0.41,0.11,,-35.712170,150.180830
184,NODE-NSW-01,0.41,0.12,,-35.712160,150.180840
185,NODE-NSW-01,0.41,0.12,,-35.712150,150.180850
186,NODE-NSW-01,0.42,0.12,,-35.712140,150.180860
187,NODE-NSW-01,0.42,0.13,,-35.712130,150.180870
188,NODE-NSW-01,0.42,0.13,,-35.712120,150.180880
189,NODE-NSW-01,0.42,0.14,,-35.712110,150.180890
190,NODE-NSW-01,0.43,0.14,,-35.712100,150.180900
191,NODE-NSW-01,0.43,0.15,,-35.712090,150.180910
192,NODE-NSW-01,0.43,0.15,,-35.712080,150.180920
193,NODE-NSW-01,0.44,0.15,,-35.712070,150.180930
194,NODE-NSW-01,0.44,0.16,,-35.712060,150.180940
195,NODE-NSW-01,0.44,0.16,,-35.712050,150.180950
196,NODE-NSW-01,0.44,0.17,,-35.712040,150.180960
197,NODE-NSW-01,0.45,0.17,,-35.712030,150.180970
198,NODE-NSW-01,0.45,0.17,,-35.712020,150.180980
199,NODE-NSW-01,0.45,0.18,,-35.712010,150.180990
200,NODE-NSW-01,0.45,0.18,,-35.712000,150.181000
201,NODE-NSW-01,0.46,0.19,,-35.711990,150.181010
202,NODE-NSW-01,0.46,0.19,,-35.711980,150.181020
203,NODE-NSW-01,0.46,0.19,,-35.711970,150.181030
204,NODE-NSW-01,0.47,0.20,,-35.711960,150.181040
205,NODE-NSW-01,0.47,0.20,,-35.711950,150.181050
206,NODE-NSW-01,0.47,0.21,,-35.711940,150.181060
207,NODE-NSW-01,0.47,0.21,,-35.711930,150.181070
208,NODE-NSW-01,0.48,0.21,,-35.711920,150.181080
209,NODE-NSW-01,0.48,0.22,,-35.711910,150.181090
210,NODE-NSW-01,0.48,0.22,,-35.711900,150.181100
211,NODE-NSW-01,0.48,0.23,,-35.711890,150.181110
212,NODE-NSW-01,0.49,0.23,,-35.711880,150.181120
213,NODE-NSW-01,0.49,0.24,,-35.711870,150.181130
214,NODE-NSW-01,0.49,0.24,,-35.711860,150.181140
215,NODE-NSW-01,0.50,0.24,,-35.711850,150.181150
216,NODE-NSW-01,0.50,0.25,,-35.711840,150.181160
217,NODE-NSW-01,0.50,0.25,,-35.711830,150.181170
218,NODE-NSW-01,0.50,0.26,,-35.711820,150.181180
219,NODE-NSW-01,0.51,0.26,,-35.711810,150.181190
220,NODE-NSW-01,0.51,0.26,,-35.711800,150.181200
221,NODE-NSW-01,0.51,0.27,,-35.711790,150.181210
222,NODE-NSW-01,0.51,0.27,,-35.711780,150.181220
223,NODE-NSW-01,0.52,0.28,,-35.711770,150.181230
224,NODE-NSW-01,0.52,0.28,,-35.711760,150.181240
225,NODE-NSW-01,0.52,0.28,,-35.711750,150.181250
226,NODE-NSW-01,0.53,0.29,,-35.711740,150.181260
227,NODE-NSW-01,0.53,0.29,,-35.711730,150.181270
228,NODE-NSW-01,0.53,0.30,,-35.711720,150.181280
229,NODE-NSW-01,0.53,0.30,,-35.711710,150.181290
230,NODE-NSW-01,0.54,0.30,,-35.711700,150.181300
231,NODE-NSW-01,0.54,0.31,,-35.711690,150.181310
232,NODE-NSW-01,0.54,0.31,,-35.711680,150.181320
233,NODE-NSW-01,0.54,0.32,,-35.711670,150.181330
234,NODE-NSW-01,0.55,0.32,,-35.711660,150.181340
235,NODE-NSW-01,0.55,0.33,,-35.711650,150.181350
236,NODE-NSW-01,0.55,0.33,,-35.711640,150.181360
237,NODE-NSW-01,0.56,0.33,,-35.711630,150.181370
238,NODE-NSW-01,0.56,0.34,,-35.711620,150.181380
239,NODE-NSW-01,0.56,0.34,,-35.711610,150.181390
240,NODE-NSW-01,0.56,0.35,,-35.711600,150.181400
241,NODE-NSW-01,0.57,0.35,,-35.711590,150.181410
242,NODE-NSW-01,0.57,0.35,,-35.711580,150.181420
243,NODE-NSW-01,0.57,0.36,,-35.711570,150.181430
244,NODE-NSW-01,0.57,0.36,,-35.711560,150.181440
245,NODE-NSW-01,0.58,0.37,,-35.711550,150.181450
246,NODE-NSW-01,0.58,0.37,,-35.711540,150.181460
247,NODE-NSW-01,0.58,0.37,,-35.711530,150.181470
248,NODE-NSW-01,0.59,0.38,,-35.711520,150.181480
249,NODE-NSW-01,0.59,0.38,,-35.711510,150.181490
250,NODE-NSW-01,0.59,0.39,,-35.711500,150.181500
251,NODE-NSW-01,0.59,0.39,,-35.711490,150.181510
252,NODE-NSW-01,0.60,0.39,,-35.711480,150.181520
253,NODE-NSW-01,0.60,0.40,,-35.711470,150.181530
254,NODE-NSW-01,0.60,0.40,,-35.711460,150.181540
255,NODE-NSW-01,0.60,0.41,,-35.711450,150.181550
256,NODE-NSW-01,0.61,0.41,,-35.711440,150.181560
257,NODE-NSW-01,0.61,0.42,,-35.711430,150.181570
258,NODE-NSW-01,0.61,0.42,,-35.711420,150.181580
259,NODE-NSW-01,0.62,0.42,,-35.711410,150.181590
260,NODE-NSW-01,0.62,0.43,fire_frame_260.jpg,-35.711400,150.181600
261,NODE-NSW-01,0.62,0.43,,-35.711390,150.181610
262,NODE-NSW-01,0.62,0.44,,-35.711380,150.181620
263,NODE-NSW-01,0.63,0.44,,-35.711370,150.181630
264,NODE-NSW-01,0.63,0.44,,-35.711360,150.181640
265,NODE-NSW-01,0.63,0.45,,-35.711350,150.181650
266,NODE-NSW-01,0.63,0.45,,-35.711340,150.181660
267,NODE-NSW-01,0.64,0.46,,-35.711330,150.181670
268,NODE-NSW-01,0.64,0.46,,-35.711320,150.181680
269,NODE-NSW-01,0.64,0.46,,-35.711310,150.181690
270,NODE-NSW-01,0.65,0.47,fire_frame_270.jpg,-35.711300,150.181700
271,NODE-NSW-01,0.65,0.47,,-35.711290,150.181710
272,NODE-NSW-01,0.65,0.48,,-35.711280,150.181720
273,NODE-NSW-01,0.65,0.48,,-35.711270,150.181730
274,NODE-NSW-01,0.66,0.48,,-35.711260,150.181740
275,NODE-NSW-01,0.66,0.49,,-35.711250,150.181750
276,NODE-NSW-01,0.66,0.49,,-35.711240,150.181760
277,NODE-NSW-01,0.66,0.50,,-35.711230,150.181770
278,NODE-NSW-01,0.67,0.50,,-35.711220,150.181780
279,NODE-NSW-01,0.67,0.51,,-35.711210,150.181790
280,NODE-NSW-01,0.67,0.51,fire_frame_280.jpg,-35.711200,150.181800
281,NODE-NSW-01,0.68,0.51,,-35.711190,150.181810
282,NODE-NSW-01,0.68,0.52,,-35.711180,150.181820
283,NODE-NSW-01,0.68,0.52,,-35.711170,150.181830
284,NODE-NSW-01,0.68,0.53,,-35.711160,150.181840
285,NODE-NSW-01,0.69,0.53,,-35.711150,150.181850
286,NODE-NSW-01,0.69,0.53,,-35.711140,150.181860
287,NODE-NSW-01,0.69,0.54,,-35.711130,150.181870
288,NODE-NSW-01,0.69,0.54,,-35.711120,150.181880
289,NODE-NSW-01,0.70,0.55,,-35.711110,150.181890
290,NODE-NSW-01,0.70,0.55,fire_frame_290.jpg,-35.711100,150.181900
291,NODE-NSW-01,0.70,0.55,,-35.711090,150.181910
292,NODE-NSW-01,0.71,0.56,,-35.711080,150.181920
293,NODE-NSW-01,0.71,0.56,,-35.711070,150.181930
294,NODE-NSW-01,0.71,0.57,,-35.711060,150.181940
295,NODE-NSW-01,0.71,0.57,,-35.711050,150.181950
296,NODE-NSW-01,0.72,0.57,,-35.711040,150.181960
297,NODE-NSW-01,0.72,0.58,,-35.711030,150.181970
298,NODE-NSW-01,0.72,0.58,,-35.711020,150.181980
299,NODE-NSW-01,0.72,0.59,,-35.711010,150.181990
300,NODE-NSW-01,0.73,0.59,fire_frame_300.jpg,-35.711000,150.182000
301,NODE-NSW-01,0.73,0.60,,-35.710990,150.182010
302,NODE-NSW-01,0.73,0.60,,-35.710980,150.182020
303,NODE-NSW-01,0.74,0.60,,-35.710970,150.182030
304,NODE-NSW-01,0.74,0.61,,-35.710960,150.182040
305,NODE-NSW-01,0.74,0.61,,-35.710950,150.182050
306,NODE-NSW-01,0.74,0.62,,-35.710940,150.182060
307,NODE-NSW-01,0.75,0.62,,-35.710930,150.182070
308,NODE-NSW-01,0.75,0.62,,-35.710920,150.182080
309,NODE-NSW-01,0.75,0.63,,-35.710910,150.182090
310,NODE-NSW-01,0.75,0.63,fire_frame_310.jpg,-35.710900,150.182100
311,NODE-NSW-01,0.76,0.64,,-35.710890,150.182110
312,NODE-NSW-01,0.76,0.64,,-35.710880,150.182120
313,NODE-NSW-01,0.76,0.64,,-35.710870,150.182130
314,NODE-NSW-01,0.77,0.65,,-35.710860,150.182140
315,NODE-NSW-01,0.77,0.65,,-35.710850,150.182150
316,NODE-NSW-01,0.77,0.66,,-35.710840,150.182160
317,NODE-NSW-01,0.77,0.66,,-35.710830,150.182170
318,NODE-NSW-01,0.78,0.66,,-35.710820,150.182180
319,NODE-NSW-01,0.78,0.67,,-35.710810,150.182190
320,NODE-NSW-01,0.78,0.67,fire_frame_320.jpg,-35.710800,150.182200
321,NODE-NSW-01,0.78,0.68,,-35.710790,150.182210
322,NODE-NSW-01,0.79,0.68,,-35.710780,150.182220
323,NODE-NSW-01,0.79,0.69,,-35.710770,150.182230
324,NODE-NSW-01,0.79,0.69,,-35.710760,150.182240
325,NODE-NSW-01,0.80,0.69,,-35.710750,150.182250
326,NODE-NSW-01,0.80,0.70,,-35.710740,150.182260
327,NODE-NSW-01,0.80,0.70,,-35.710730,150.182270
328,NODE-NSW-01,0.80,0.71,,-35.710720,150.182280
329,NODE-NSW-01,0.81,0.71,,-35.710710,150.182290
330,NODE-NSW-01,0.81,0.71,fire_frame_330.jpg,-35.710700,150.182300
331,NODE-NSW-01,0.81,0.72,,-35.710690,150.182310
332,NODE-NSW-01,0.81,0.72,,-35.710680,150.182320
333,NODE-NSW-01,0.82,0.73,,-35.710670,150.182330
334,NODE-NSW-01,0.82,0.73,,-35.710660,150.182340
335,NODE-NSW-01,0.82,0.73,,-35.710650,150.182350
336,NODE-NSW-01,0.83,0.74,,-35.710640,150.182360
337,NODE-NSW-01,0.83,0.74,,-35.710630,150.182370
338,NODE-NSW-01,0.83,0.75,,-35.710620,150.182380
339,NODE-NSW-01,0.83,0.75,,-35.710610,150.182390
340,NODE-NSW-01,0.84,0.75,fire_frame_340.jpg,-35.710600,150.182400
341,NODE-NSW-01,0.84,0.76,,-35.710590,150.182410
342,NODE-NSW-01,0.84,0.76,,-35.710580,150.182420
343,NODE-NSW-01,0.84,0.77,,-35.710570,150.182430
344,NODE-NSW-01,0.85,0.77,,-35.710560,150.182440
345,NODE-NSW-01,0.85,0.78,,-35.710550,150.182450
346,NODE-NSW-01,0.85,0.78,,-35.710540,150.182460
347,NODE-NSW-01,0.86,0.78,,-35.710530,150.182470
348,NODE-NSW-01,0.86,0.79,,-35.710520,150.182480
349,NODE-NSW-01,0.86,0.79,,-35.710510,150.182490
350,NODE-NSW-01,0.86,0.80,fire_frame_350.jpg,-35.710500,150.182500
351,NODE-NSW-01,0.87,0.80,,-35.710490,150.182510
352,NODE-NSW-01,0.87,0.80,,-35.710480,150.182520
353,NODE-NSW-01,0.87,0.81,,-35.710470,150.182530
354,NODE-NSW-01,0.87,0.81,,-35.710460,150.182540
355,NODE-NSW-01,0.88,0.82,,-35.710450,150.182550
356,NODE-NSW-01,0.88,0.82,,-35.710440,150.182560
357,NODE-NSW-01,0.88,0.82,,-35.710430,150.182570
358,NODE-NSW-01,0.89,0.83,,-35.710420,150.182580
359,NODE-NSW-01,0.89,0.83,,-35.710410,150.182590
360,NODE-NSW-01,0.89,0.84,fire_frame_360.jpg,-35.710400,150.182600
361,NODE-NSW-01,0.89,0.84,,-35.710390,150.182610
362,NODE-NSW-01,0.90,0.84,,-35.710380,150.182620
363,NODE-NSW-01,0.90,0.85,,-35.710370,150.182630
364,NODE-NSW-01,0.90,0.85,,-35.710360,150.182640
365,NODE-NSW-01,0.90,0.86,,-35.710350,150.182650
366,NODE-NSW-01,0.91,0.86,,-35.710340,150.182660
367,NODE-NSW-01,0.91,0.86,,-35.710330,150.182670
368,NODE-NSW-01,0.91,0.87,,-35.710320,150.182680
369,NODE-NSW-01,0.92,0.87,,-35.710310,150.182690
370,NODE-NSW-01,0.92,0.88,fire_frame_370.jpg,-35.710300,150.182700
371,NODE-NSW-01,0.92,0.88,,-35.710290,150.182710
372,NODE-NSW-01,0.92,0.89,,-35.710280,150.182720
373,NODE-NSW-01,0.93,0.89,,-35.710270,150.182730
374,NODE-NSW-01,0.93,0.89,,-35.710260,150.182740
375,NODE-NSW-01,0.93,0.90,,-35.710250,150.182750
376,NODE-NSW-01,0.93,0.90,,-35.710240,150.182760
377,NODE-NSW-01,0.94,0.91,,-35.710230,150.182770
378,NODE-NSW-01,0.94,0.91,,-35.710220,150.182780
379,NODE-NSW-01,0.94,0.91,,-35.710210,150.182790
380,NODE-NSW-01,0.95,0.92,fire_frame_380.jpg,-35.710200,150.182800
381,NODE-NSW-01,0.95,0.92,,-35.710190,150.182810
382,NODE-NSW-01,0.95,0.93,,-35.710180,150.182820
383,NODE-NSW-01,0.95,0.93,,-35.710170,150.182830
384,NODE-NSW-01,0.96,0.93,,-35.710160,150.182840
385,NODE-NSW-01,0.96,0.94,,-35.710150,150.182850
386,NODE-NSW-01,0.96,0.94,,-35.710140,150.182860
387,NODE-NSW-01,0.96,0.95,,-35.710130,150.182870
388,NODE-NSW-01,0.97,0.95,,-35.710120,150.182880
389,NODE-NSW-01,0.97,0.95,,-35.710110,150.182890
390,NODE-NSW-01,0.97,0.96,fire_frame_390.jpg,-35.710100,150.182900
391,NODE-NSW-01,0.98,0.96,,-35.710090,150.182910
392,NODE-NSW-01,0.98,0.97,,-35.710080,150.182920
393,NODE-NSW-01,0.98,0.97,,-35.710070,150.182930
394,NODE-NSW-01,0.98,0.98,,-35.710060,150.182940
395,NODE-NSW-01,0.99,0.98,,-35.710050,150.182950
396,NODE-NSW-01,0.99,0.98,,-35.710040,150.182960
397,NODE-NSW-01,0.99,0.99,,-35.710030,150.182970
398,NODE-NSW-01,0.99,0.99,,-35.710020,150.182980
399,NODE-NSW-01,1.00,1.00,,-35.710010,150.182990
400,NODE-NSW-01,1.04,1.00,,-35.710000,150.183000
401,NODE-NSW-01,0.98,1.00,,-35.709990,150.183010
402,NODE-NSW-01,1.03,1.00,,-35.709980,150.183020
403,NODE-NSW-01,1.04,1.00,,-35.709970,150.183030
404,NODE-NSW-01,0.96,1.00,,-35.709960,150.183040
405,NODE-NSW-01,1.00,1.00,,-35.709950,150.183050
406,NODE-NSW-01,0.95,1.00,,-35.709940,150.183060
407,NODE-NSW-01,1.02,1.00,,-35.709930,150.183070
408,NODE-NSW-01,1.02,1.00,,-35.709920,150.183080
409,NODE-NSW-01,1.05,1.00,,-35.709910,150.183090
410,NODE-NSW-01,0.99,1.00,,-35.709900,150.183100
411,NODE-NSW-01,1.03,1.00,,-35.709890,150.183110
412,NODE-NSW-01,1.05,1.00,,-35.709880,150.183120
413,NODE-NSW-01,0.99,1.00,,-35.709870,150.183130
414,NODE-NSW-01,1.02,1.00,,-35.709860,150.183140
415,NODE-NSW-01,1.05,1.00,,-35.709850,150.183150
416,NODE-NSW-01,1.03,1.00,,-35.709840,150.183160
417,NODE-NSW-01,0.98,1.00,,-35.709830,150.183170
418,NODE-NSW-01,1.04,1.00,,-35.709820,150.183180
419,NODE-NSW-01,0.99,1.00,,-35.709810,150.183190
420,NODE-NSW-01,0.98,1.00,,-35.709800,150.183200
421,NODE-NSW-01,1.04,1.00,,-35.709790,150.183210
422,NODE-NSW-01,1.04,1.00,,-35.709780,150.183220
423,NODE-NSW-01,0.98,1.00,,-35.709770,150.183230
424,NODE-NSW-01,0.95,1.00,,-35.709760,150.183240
425,NODE-NSW-01,1.02,1.00,,-35.709750,150.183250
426,NODE-NSW-01,1.02,1.00,,-35.709740,150.183260
427,NODE-NSW-01,1.04,1.00,,-35.709730,150.183270
428,NODE-NSW-01,0.98,1.00,,-35.709720,150.183280
429,NODE-NSW-01,0.98,1.00,,-35.709710,150.183290
430,NODE-NSW-01,0.96,1.00,,-35.709700,150.183300
431,NODE-NSW-01,1.02,1.00,,-35.709690,150.183310
432,NODE-NSW-01,1.01,1.00,,-35.709680,150.183320
433,NODE-NSW-01,1.04,1.00,,-35.709670,150.183330
434,NODE-NSW-01,1.05,1.00,,-35.709660,150.183340
435,NODE-NSW-01,1.02,1.00,,-35.709650,150.183350
436,NODE-NSW-01,1.04,1.00,,-35.709640,150.183360
437,NODE-NSW-01,1.02,1.00,,-35.709630,150.183370
438,NODE-NSW-01,1.01,1.00,,-35.709620,150.183380
439,NODE-NSW-01,1.00,1.00,,-35.709610,150.183390
440,NODE-NSW-01,1.00,1.00,,-35.709600,150.183400
441,NODE-NSW-01,1.02,1.00,,-35.709590,150.183410
442,NODE-NSW-01,0.98,1.00,,-35.709580,150.183420
443,NODE-NSW-01,1.02,1.00,,-35.709570,150.183430
444,NODE-NSW-01,0.99,1.00,,-35.709560,150.183440
445,NODE-NSW-01,1.04,1.00,,-35.709550,150.183450
446,NODE-NSW-01,1.02,1.00,,-35.709540,150.183460
447,NODE-NSW-01,0.98,1.00,,-35.709530,150.183470
448,NODE-NSW-01,1.01,1.00,,-35.709520,150.183480
449,NODE-NSW-01,0.99,1.00,,-35.709510,150.183490
450,NODE-NSW-01,1.04,1.00,,-35.709500,150.183500
451,NODE-NSW-01,0.95,1.00,,-35.709490,150.183510
452,NODE-NSW-01,0.98,1.00,,-35.709480,150.183520
453,NODE-NSW-01,1.05,1.00,,-35.709470,150.183530
454,NODE-NSW-01,1.00,1.00,,-35.709460,150.183540
455,NODE-NSW-01,1.01,1.00,,-35.709450,150.183550
456,NODE-NSW-01,1.02,1.00,,-35.709440,150.183560
457,NODE-NSW-01,0.99,1.00,,-35.709430,150.183570
458,NODE-NSW-01,0.98,1.00,,-35.709420,150.183580
459,NODE-NSW-01,1.01,1.00,,-35.709410,150.183590
460,NODE-NSW-01,1.04,1.00,,-35.709400,150.183600
461,NODE-NSW-01,0.98,1.00,,-35.709390,150.183610
462,NODE-NSW-01,1.01,1.00,,-35.709380,150.183620
463,NODE-NSW-01,0.95,1.00,,-35.709370,150.183630
464,NODE-NSW-01,0.99,1.00,,-35.709360,150.183640
465,NODE-NSW-01,1.03,1.00,,-35.709350,150.183650
466,NODE-NSW-01,1.05,1.00,,-35.709340,150.183660
467,NODE-NSW-01,0.99,1.00,,-35.709330,150.183670
468,NODE-NSW-01,1.04,1.00,,-35.709320,150.183680
469,NODE-NSW-01,1.00,1.00,,-35.709310,150.183690
470,NODE-NSW-01,1.01,1.00,,-35.709300,150.183700
471,NODE-NSW-01,0.98,1.00,,-35.709290,150.183710
472,NODE-NSW-01,1.03,1.00,,-35.709280,150.183720
473,NODE-NSW-01,1.04,1.00,,-35.709270,150.183730
474,NODE-NSW-01,1.03,1.00,,-35.709260,150.183740
475,NODE-NSW-01,0.97,1.00,,-35.709250,150.183750
476,NODE-NSW-01,1.05,1.00,,-35.709240,150.183760
477,NODE-NSW-01,0.96,1.00,,-35.709230,150.183770
478,NODE-NSW-01,0.98,1.00,,-35.709220,150.183780
479,NODE-NSW-01,0.95,1.00,,-35.709210,150.183790
480,NODE-NSW-01,0.96,1.00,,-35.709200,150.183800
481,NODE-NSW-01,1.00,1.00,,-35.709190,150.183810
482,NODE-NSW-01,0.99,1.00,,-35.709180,150.183820
483,NODE-NSW-01,1.05,1.00,,-35.709170,150.183830
484,NODE-NSW-01,1.00,1.00,,-35.709160,150.183840
485,NODE-NSW-01,0.99,1.00,,-35.709150,150.183850
486,NODE-NSW-01,1.00,1.00,,-35.709140,150.183860
487,NODE-NSW-01,0.96,1.00,,-35.709130,150.183870
488,NODE-NSW-01,0.96,1.00,,-35.709120,150.183880
489,NODE-NSW-01,1.00,1.00,,-35.709110,150.183890
490,NODE-NSW-01,0.95,1.00,,-35.709100,150.183900
491,NODE-NSW-01,0.97,1.00,,-35.709090,150.183910
492,NODE-NSW-01,0.96,1.00,,-35.709080,150.183920
493,NODE-NSW-01,1.03,1.00,,-35.709070,150.183930
494,NODE-NSW-01,1.04,1.00,,-35.709060,150.183940
495,NODE-NSW-01,0.97,1.00,,-35.709050,150.183950
496,NODE-NSW-01,1.02,1.00,,-35.709040,150.183960
497,NODE-NSW-01,1.03,1.00,,-35.709030,150.183970
498,NODE-NSW-01,1.03,1.00,,-35.709020,150.183980
499,NODE-NSW-01,0.97,1.00,,-35.709010,150.183990
500,NODE-NSW-01,0.97,1.00,,-35.709000,150.184000
501,NODE-NSW-01,1.05,1.00,,-35.708990,150.184010
502,NODE-NSW-01,0.98,1.00,,-35.708980,150.184020
503,NODE-NSW-01,1.03,1.00,,-35.708970,150.184030
504,NODE-NSW-01,1.02,1.00,,-35.708960,150.184040
505,NODE-NSW-01,0.96,1.00,,-35.708950,150.184050
506,NODE-NSW-01,1.02,1.00,,-35.708940,150.184060
507,NODE-NSW-01,0.98,1.00,,-35.708930,150.184070
508,NODE-NSW-01,0.97,1.00,,-35.708920,150.184080
509,NODE-NSW-01,1.03,1.00,,-35.708910,150.184090
510,NODE-NSW-01,0.96,1.00,,-35.708900,150.184100
511,NODE-NSW-01,0.99,1.00,,-35.708890,150.184110
512,NODE-NSW-01,0.98,1.00,,-35.708880,150.184120
513,NODE-NSW-01,0.97,1.00,,-35.708870,150.184130
514,NODE-NSW-01,1.03,1.00,,-35.708860,150.184140
515,NODE-NSW-01,0.98,1.00,,-35.708850,150.184150
516,NODE-NSW-01,0.95,1.00,,-35.708840,150.184160
517,NODE-NSW-01,1.05,1.00,,-35.708830,150.184170
518,NODE-NSW-01,1.00,1.00,,-35.708820,150.184180
519,NODE-NSW-01,0.98,1.00,,-35.708810,150.184190
520,NODE-NSW-01,1.03,1.00,,-35.708800,150.184200
521,NODE-NSW-01,1.04,1.00,,-35.708790,150.184210
522,NODE-NSW-01,1.04,1.00,,-35.708780,150.184220
523,NODE-NSW-01,1.02,1.00,,-35.708770,150.184230
524,NODE-NSW-01,1.02,1.00,,-35.708760,150.184240
525,NODE-NSW-01,1.03,1.00,,-35.708750,150.184250
526,NODE-NSW-01,0.97,1.00,,-35.708740,150.184260
527,NODE-NSW-01,1.02,1.00,,-35.708730,150.184270
528,NODE-NSW-01,0.97,1.00,,-35.708720,150.184280
529,NODE-NSW-01,0.99,1.00,,-35.708710,150.184290
530,NODE-NSW-01,1.02,1.00,,-35.708700,150.184300
531,NODE-NSW-01,1.04,1.00,,-35.708690,150.184310
532,NODE-NSW-01,1.04,1.00,,-35.708680,150.184320
533,NODE-NSW-01,0.99,1.00,,-35.708670,150.184330
534,NODE-NSW-01,0.98,1.00,,-35.708660,150.184340
535,NODE-NSW-01,1.02,1.00,,-35.708650,150.184350
536,NODE-NSW-01,1.05,1.00,,-35.708640,150.184360
537,NODE-NSW-01,1.01,1.00,,-35.708630,150.184370
538,NODE-NSW-01,0.99,1.00,,-35.708620,150.184380
539,NODE-NSW-01,1.03,1.00,,-35.708610,150.184390
540,NODE-NSW-01,1.00,1.00,,-35.708600,150.184400
541,NODE-NSW-01,0.96,1.00,,-35.708590,150.184410
542,NODE-NSW-01,0.96,1.00,,-35.708580,150.184420
543,NODE-NSW-01,0.98,1.00,,-35.708570,150.184430
544,NODE-NSW-01,0.99,1.00,,-35.708560,150.184440
545,NODE-NSW-01,0.99,1.00,,-35.708550,150.184450
546,NODE-NSW-01,0.96,1.00,,-35.708540,150.184460
547,NODE-NSW-01,1.03,1.00,,-35.708530,150.184470
548,NODE-NSW-01,1.02,1.00,,-35.708520,150.184480
549,NODE-NSW-01,0.96,1.00,,-35.708510,150.184490
550,NODE-NSW-01,1.05,1.00,,-35.708500,150.184500
551,NODE-NSW-01,0.98,1.00,,-35.708490,150.184510
552,NODE-NSW-01,0.98,1.00,,-35.708480,150.184520
553,NODE-NSW-01,0.97,1.00,,-35.708470,150.184530
554,NODE-NSW-01,1.00,1.00,,-35.708460,150.184540
555,NODE-NSW-01,0.99,1.00,,-35.708450,150.184550
556,NODE-NSW-01,0.99,1.00,,-35.708440,150.184560
557,NODE-NSW-01,0.96,1.00,,-35.708430,150.184570
558,NODE-NSW-01,1.03,1.00,,-35.708420,150.184580
559,NODE-NSW-01,0.95,1.00,,-35.708410,150.184590
560,NODE-NSW-01,0.97,1.00,,-35.708400,150.184600
561,NODE-NSW-01,1.02,1.00,,-35.708390,150.184610
562,NODE-NSW-01,1.02,1.00,,-35.708380,150.184620
563,NODE-NSW-01,1.04,1.00,,-35.708370,150.184630
564,NODE-NSW-01,1.05,1.00,,-35.708360,150.184640
565,NODE-NSW-01,1.04,1.00,,-35.708350,150.184650
566,NODE-NSW-01,1.05,1.00,,-35.708340,150.184660
567,NODE-NSW-01,0.97,1.00,,-35.708330,150.184670
568,NODE-NSW-01,1.04,1.00,,-35.708320,150.184680
569,NODE-NSW-01,1.03,1.00,,-35.708310,150.184690
570,NODE-NSW-01,0.99,1.00,,-35.708300,150.184700
571,NODE-NSW-01,1.03,1.00,,-35.708290,150.184710
572,NODE-NSW-01,1.04,1.00,,-35.708280,150.184720
573,NODE-NSW-01,0.96,1.00,,-35.708270,150.184730
574,NODE-NSW-01,0.98,1.00,,-35.708260,150.184740
575,NODE-NSW-01,1.03,1.00,,-35.708250,150.184750
576,NODE-NSW-01,1.02,1.00,,-35.708240,150.184760
577,NODE-NSW-01,0.98,1.00,,-35.708230,150.184770
578,NODE-NSW-01,0.97,1.00,,-35.708220,150.184780
579,NODE-NSW-01,1.00,1.00,,-35.708210,150.184790
580,NODE-NSW-01,1.01,1.00,,-35.708200,150.184800
581,NODE-NSW-01,1.01,1.00,,-35.708190,150.184810
582,NODE-NSW-01,0.95,1.00,,-35.708180,150.184820
583,NODE-NSW-01,0.98,1.00,,-35.708170,150.184830
584,NODE-NSW-01,0.95,1.00,,-35.708160,150.184840
585,NODE-NSW-01,0.99,1.00,,-35.708150,150.184850
586,NODE-NSW-01,1.01,1.00,,-35.708140,150.184860
587,NODE-NSW-01,1.03,1.00,,-35.708130,150.184870
588,NODE-NSW-01,0.96,1.00,,-35.708120,150.184880
589,NODE-NSW-01,1.01,1.00,,-35.708110,150.184890
590,NODE-NSW-01,1.05,1.00,,-35.708100,150.184900
591,NODE-NSW-01,0.99,1.00,,-35.708090,150.184910
592,NODE-NSW-01,0.99,1.00,,-35.708080,150.184920
593,NODE-NSW-01,1.01,1.00,,-35.708070,150.184930
594,NODE-NSW-01,1.03,1.00,,-35.708060,150.184940
595,NODE-NSW-01,1.01,1.00,,-35.708050,150.184950
596,NODE-NSW-01,0.97,1.00,,-35.708040,150.184960
597,NODE-NSW-01,0.97,1.00,,-35.708030,150.184970
598,NODE-NSW-01,1.04,1.00,,-35.708020,150.184980
599,NODE-NSW-01,1.02,1.00,,-35.708010,150.184990
